series,date,share,label
U.S. dollars,2000-01-01,71.45978458337107,US Dollar
euro,2000-01-01,17.504980921703535,Other
Chinese renminbi,2000-01-01,,Chinese Renminbi
Japanese yen,2000-01-01,6.3372893189995265,Other
pounds sterling,2000-01-01,2.921831707660002,Other
Australian dollars,2000-01-01,,Other
Canadian dollars,2000-01-01,,Other
Swiss francs,2000-01-01,0.25630425331803847,Other
U.S. dollars,2000-04-01,72.0208494261706,US Dollar
euro,2000-04-01,17.514839919650118,Other
Chinese renminbi,2000-04-01,,Chinese Renminbi
Japanese yen,2000-04-01,5.996695446151694,Other
pounds sterling,2000-04-01,2.7594836469081274,Other
Australian dollars,2000-04-01,,Other
Canadian dollars,2000-04-01,,Other
Swiss francs,2000-04-01,0.2028447796863603,Other
U.S. dollars,2000-07-01,72.29876527452504,US Dollar
euro,2000-07-01,16.973640160600514,Other
Chinese renminbi,2000-07-01,,Chinese Renminbi
Japanese yen,2000-07-01,6.426290039525469,Other
pounds sterling,2000-07-01,2.7292859671799437,Other
Australian dollars,2000-07-01,,Other
Canadian dollars,2000-07-01,,Other
Swiss francs,2000-07-01,0.22374722218658763,Other
U.S. dollars,2000-10-01,71.13749894788997,US Dollar
euro,2000-10-01,18.292493005079034,Other
Chinese renminbi,2000-10-01,,Chinese Renminbi
Japanese yen,2000-10-01,6.06547154475571,Other
pounds sterling,2000-10-01,2.753366744370612,Other
Australian dollars,2000-10-01,,Other
Canadian dollars,2000-10-01,,Other
Swiss francs,2000-10-01,0.2691962840999022,Other
U.S. dollars,2001-01-01,72.30659293283436,US Dollar
euro,2001-01-01,17.707526040129125,Other
Chinese renminbi,2001-01-01,,Chinese Renminbi
Japanese yen,2001-01-01,5.512610492654882,Other
pounds sterling,2001-01-01,2.775837544360361,Other
Australian dollars,2001-01-01,,Other
Canadian dollars,2001-01-01,,Other
Swiss francs,2001-01-01,0.2740240809484682,Other
U.S. dollars,2001-04-01,72.70204037923949,US Dollar
euro,2001-04-01,17.63087966587514,Other
Chinese renminbi,2001-04-01,,Chinese Renminbi
Japanese yen,2001-04-01,5.355349348026987,Other
pounds sterling,2001-04-01,2.6483361573997564,Other
Australian dollars,2001-04-01,,Other
Canadian dollars,2001-04-01,,Other
Swiss francs,2001-04-01,0.26257355462301335,Other
U.S. dollars,2001-07-01,71.3991761121388,US Dollar
euro,2001-07-01,18.902618888582587,Other
Chinese renminbi,2001-07-01,,Chinese Renminbi
Japanese yen,2001-07-01,5.4012083663884525,Other
pounds sterling,2001-07-01,2.6289313182335414,Other
Australian dollars,2001-07-01,,Other
Canadian dollars,2001-07-01,,Other
Swiss francs,2001-07-01,0.2623130670997058,Other
U.S. dollars,2001-10-01,71.51801041325055,US Dollar
euro,2001-10-01,19.18386306450863,Other
Chinese renminbi,2001-10-01,,Chinese Renminbi
Japanese yen,2001-10-01,5.0446185945758355,Other
pounds sterling,2001-10-01,2.701054803018567,Other
Australian dollars,2001-10-01,,Other
Canadian dollars,2001-10-01,,Other
Swiss francs,2001-10-01,0.24522728939823543,Other
U.S. dollars,2002-01-01,71.62399006654076,US Dollar
euro,2002-01-01,19.671958514920938,Other
Chinese renminbi,2002-01-01,,Chinese Renminbi
Japanese yen,2002-01-01,4.383813390120784,Other
pounds sterling,2002-01-01,2.672019108468167,Other
Australian dollars,2002-01-01,,Other
Canadian dollars,2002-01-01,,Other
Swiss francs,2002-01-01,0.3109310475340082,Other
U.S. dollars,2002-04-01,68.48856304477854,US Dollar
euro,2002-04-01,21.39478506908593,Other
Chinese renminbi,2002-04-01,,Chinese Renminbi
Japanese yen,2002-04-01,5.337346308097159,Other
pounds sterling,2002-04-01,2.8379944077308075,Other
Australian dollars,2002-04-01,,Other
Canadian dollars,2002-04-01,,Other
Swiss francs,2002-04-01,0.30834421481598007,Other
U.S. dollars,2002-07-01,67.4877878510977,US Dollar
euro,2002-07-01,22.42757024239065,Other
Chinese renminbi,2002-07-01,,Chinese Renminbi
Japanese yen,2002-07-01,5.134591627912256,Other
pounds sterling,2002-07-01,2.8985312549040345,Other
Australian dollars,2002-07-01,,Other
Canadian dollars,2002-07-01,,Other
Swiss francs,2002-07-01,0.32012826261147465,Other
U.S. dollars,2002-10-01,66.5012155497516,US Dollar
euro,2002-10-01,23.65011202859666,Other
Chinese renminbi,2002-10-01,,Chinese Renminbi
Japanese yen,2002-10-01,4.941147884269034,Other
pounds sterling,2002-10-01,2.9215765448810487,Other
Australian dollars,2002-10-01,,Other
Canadian dollars,2002-10-01,,Other
Swiss francs,2002-10-01,0.40728676080494103,Other
U.S. dollars,2003-01-01,66.3876408983151,US Dollar
euro,2003-01-01,24.519875597656647,Other
Chinese renminbi,2003-01-01,,Chinese Renminbi
Japanese yen,2003-01-01,4.508825172617461,Other
pounds sterling,2003-01-01,2.639930913804649,Other
Australian dollars,2003-01-01,,Other
Canadian dollars,2003-01-01,,Other
Swiss francs,2003-01-01,0.24047869317911308,Other
U.S. dollars,2003-04-01,66.22680824746308,US Dollar
euro,2003-04-01,24.97255340459505,Other
Chinese renminbi,2003-04-01,,Chinese Renminbi
Japanese yen,2003-04-01,4.129371497791968,Other
pounds sterling,2003-04-01,2.632534211452598,Other
Australian dollars,2003-04-01,,Other
Canadian dollars,2003-04-01,,Other
Swiss francs,2003-04-01,0.20788350179090112,Other
U.S. dollars,2003-07-01,66.65647277605727,US Dollar
euro,2003-07-01,24.45054046601693,Other
Chinese renminbi,2003-07-01,,Chinese Renminbi
Japanese yen,2003-07-01,4.342276732982006,Other
pounds sterling,2003-07-01,2.5118002019903685,Other
Australian dollars,2003-07-01,,Other
Canadian dollars,2003-07-01,,Other
Swiss francs,2003-07-01,0.22662903717690364,Other
U.S. dollars,2003-10-01,65.44987396696791,US Dollar
euro,2003-10-01,25.032918236826447,Other
Chinese renminbi,2003-10-01,,Chinese Renminbi
Japanese yen,2003-10-01,4.423690275400259,Other
pounds sterling,2003-10-01,2.8613461927565402,Other
Australian dollars,2003-10-01,,Other
Canadian dollars,2003-10-01,,Other
Swiss francs,2003-10-01,0.22562725468381709,Other
U.S. dollars,2004-01-01,67.08893269831077,US Dollar
euro,2004-01-01,23.43574104792701,Other
Chinese renminbi,2004-01-01,,Chinese Renminbi
Japanese yen,2004-01-01,4.463835328897372,Other
pounds sterling,2004-01-01,2.8334040577345245,Other
Australian dollars,2004-01-01,,Other
Canadian dollars,2004-01-01,,Other
Swiss francs,2004-01-01,0.2249603265158216,Other
U.S. dollars,2004-04-01,67.39367333779688,US Dollar
euro,2004-04-01,23.308936862602994,Other
Chinese renminbi,2004-04-01,,Chinese Renminbi
Japanese yen,2004-04-01,4.3290290704145145,Other
pounds sterling,2004-04-01,2.843658477598763,Other
Australian dollars,2004-04-01,,Other
Canadian dollars,2004-04-01,,Other
Swiss francs,2004-04-01,0.23522317462709033,Other
U.S. dollars,2004-07-01,66.88835080381784,US Dollar
euro,2004-07-01,23.767538935030576,Other
Chinese renminbi,2004-07-01,,Chinese Renminbi
Japanese yen,2004-07-01,4.058443044064215,Other
pounds sterling,2004-07-01,3.1999541767073705,Other
Australian dollars,2004-07-01,,Other
Canadian dollars,2004-07-01,,Other
Swiss francs,2004-07-01,0.16866863716138583,Other
U.S. dollars,2004-10-01,65.50728747530565,US Dollar
euro,2004-10-01,24.679747028213292,Other
Chinese renminbi,2004-10-01,,Chinese Renminbi
Japanese yen,2004-10-01,4.2841254532213915,Other
pounds sterling,2004-10-01,3.4929150876970168,Other
Australian dollars,2004-10-01,,Other
Canadian dollars,2004-10-01,,Other
Swiss francs,2004-10-01,0.16642960354951855,Other
U.S. dollars,2005-01-01,65.14290640079851,US Dollar
euro,2005-01-01,24.90079328156199,Other
Chinese renminbi,2005-01-01,,Chinese Renminbi
Japanese yen,2005-01-01,4.253232664439353,Other
pounds sterling,2005-01-01,3.740317481060577,Other
Australian dollars,2005-01-01,,Other
Canadian dollars,2005-01-01,,Other
Swiss francs,2005-01-01,0.1700527300716058,Other
U.S. dollars,2005-04-01,65.81286096159906,US Dollar
euro,2005-04-01,24.550499653168867,Other
Chinese renminbi,2005-04-01,,Chinese Renminbi
Japanese yen,2005-04-01,4.130647497269491,Other
pounds sterling,2005-04-01,3.6663541773207844,Other
Australian dollars,2005-04-01,,Other
Canadian dollars,2005-04-01,,Other
Swiss francs,2005-04-01,0.1332045186289482,Other
U.S. dollars,2005-07-01,66.07948225090668,US Dollar
euro,2005-07-01,24.12563909554475,Other
Chinese renminbi,2005-07-01,,Chinese Renminbi
Japanese yen,2005-07-01,4.120267769348646,Other
pounds sterling,2005-07-01,3.7587596375892827,Other
Australian dollars,2005-07-01,,Other
Canadian dollars,2005-07-01,,Other
Swiss francs,2005-07-01,0.14443853209851176,Other
U.S. dollars,2005-10-01,66.51516123410013,US Dollar
euro,2005-10-01,23.889827322629078,Other
Chinese renminbi,2005-10-01,,Chinese Renminbi
Japanese yen,2005-10-01,3.9601600818542324,Other
pounds sterling,2005-10-01,3.74746832601781,Other
Australian dollars,2005-10-01,,Other
Canadian dollars,2005-10-01,,Other
Swiss francs,2005-10-01,0.14570468412058124,Other
U.S. dollars,2006-01-01,66.15791992021592,US Dollar
euro,2006-01-01,24.371011794570993,Other
Chinese renminbi,2006-01-01,,Chinese Renminbi
Japanese yen,2006-01-01,3.6388409164485984,Other
pounds sterling,2006-01-01,4.087983422885479,Other
Australian dollars,2006-01-01,,Other
Canadian dollars,2006-01-01,,Other
Swiss francs,2006-01-01,0.16038207808917115,Other
U.S. dollars,2006-04-01,65.51120013880686,US Dollar
euro,2006-04-01,24.906367934356304,Other
Chinese renminbi,2006-04-01,,Chinese Renminbi
Japanese yen,2006-04-01,3.426837949256218,Other
pounds sterling,2006-04-01,4.300074603484189,Other
Australian dollars,2006-04-01,,Other
Canadian dollars,2006-04-01,,Other
Swiss francs,2006-04-01,0.15187647746938093,Other
U.S. dollars,2006-07-01,65.91472451942218,US Dollar
euro,2006-07-01,24.572432363468312,Other
Chinese renminbi,2006-07-01,,Chinese Renminbi
Japanese yen,2006-07-01,3.303372385436805,Other
pounds sterling,2006-07-01,4.337622637028128,Other
Australian dollars,2006-07-01,,Other
Canadian dollars,2006-07-01,,Other
Swiss francs,2006-07-01,0.1618877756705299,Other
U.S. dollars,2006-10-01,64.87062213717306,US Dollar
euro,2006-10-01,25.239423005528412,Other
Chinese renminbi,2006-10-01,,Chinese Renminbi
Japanese yen,2006-10-01,3.425339125410235,Other
pounds sterling,2006-10-01,4.498567010071381,Other
Australian dollars,2006-10-01,,Other
Canadian dollars,2006-10-01,,Other
Swiss francs,2006-10-01,0.17571881664000444,Other
U.S. dollars,2007-01-01,64.8897958407549,US Dollar
euro,2007-01-01,25.29647041921253,Other
Chinese renminbi,2007-01-01,,Chinese Renminbi
Japanese yen,2007-01-01,3.1078494429017263,Other
pounds sterling,2007-01-01,4.572592470831004,Other
Australian dollars,2007-01-01,,Other
Canadian dollars,2007-01-01,,Other
Swiss francs,2007-01-01,0.1750802981787153,Other
U.S. dollars,2007-04-01,64.87953654145262,US Dollar
euro,2007-04-01,25.16726326866517,Other
Chinese renminbi,2007-04-01,,Chinese Renminbi
Japanese yen,2007-04-01,3.0600210464968156,Other
pounds sterling,2007-04-01,4.7444282106906,Other
Australian dollars,2007-04-01,,Other
Canadian dollars,2007-04-01,,Other
Swiss francs,2007-04-01,0.15367436945150675,Other
U.S. dollars,2007-07-01,63.90614217992111,US Dollar
euro,2007-07-01,26.007252681090677,Other
Chinese renminbi,2007-07-01,,Chinese Renminbi
Japanese yen,2007-07-01,2.9485083522631106,Other
pounds sterling,2007-07-01,4.838747638420422,Other
Australian dollars,2007-07-01,,Other
Canadian dollars,2007-07-01,,Other
Swiss francs,2007-07-01,0.16042196939750908,Other
U.S. dollars,2007-10-01,63.87618191233992,US Dollar
euro,2007-10-01,26.130416981428787,Other
Chinese renminbi,2007-10-01,,Chinese Renminbi
Japanese yen,2007-10-01,3.178631682834232,Other
pounds sterling,2007-10-01,4.825032450631435,Other
Australian dollars,2007-10-01,,Other
Canadian dollars,2007-10-01,,Other
Swiss francs,2007-10-01,0.15514510721919952,Other
U.S. dollars,2008-01-01,62.93783679698793,US Dollar
euro,2008-01-01,26.54336168911425,Other
Chinese renminbi,2008-01-01,,Chinese Renminbi
Japanese yen,2008-01-01,3.3660996263817013,Other
pounds sterling,2008-01-01,4.8068534008134485,Other
Australian dollars,2008-01-01,,Other
Canadian dollars,2008-01-01,,Other
Swiss francs,2008-01-01,0.1505609418565859,Other
U.S. dollars,2008-04-01,62.59009046849736,US Dollar
euro,2008-04-01,26.611879462343317,Other
Chinese renminbi,2008-04-01,,Chinese Renminbi
Japanese yen,2008-04-01,3.5648302751655896,Other
pounds sterling,2008-04-01,4.874337718646716,Other
Australian dollars,2008-04-01,,Other
Canadian dollars,2008-04-01,,Other
Swiss francs,2008-04-01,0.15951972439842255,Other
U.S. dollars,2008-07-01,64.16924311978485,US Dollar
euro,2008-07-01,25.319996651837045,Other
Chinese renminbi,2008-07-01,,Chinese Renminbi
Japanese yen,2008-07-01,3.530704248418982,Other
pounds sterling,2008-07-01,4.73121331854056,Other
Australian dollars,2008-07-01,,Other
Canadian dollars,2008-07-01,,Other
Swiss francs,2008-07-01,0.14820050652100925,Other
U.S. dollars,2008-10-01,63.76522114270712,US Dollar
euro,2008-10-01,26.21457899311347,Other
Chinese renminbi,2008-10-01,,Chinese Renminbi
Japanese yen,2008-10-01,3.4674945771525594,Other
pounds sterling,2008-10-01,4.217668381606685,Other
Australian dollars,2008-10-01,,Other
Canadian dollars,2008-10-01,,Other
Swiss francs,2008-10-01,0.13776666363518017,Other
U.S. dollars,2009-01-01,65.17905531763866,US Dollar
euro,2009-01-01,25.818618094702924,Other
Chinese renminbi,2009-01-01,,Chinese Renminbi
Japanese yen,2009-01-01,2.7874967458771533,Other
pounds sterling,2009-01-01,3.95475392972112,Other
Australian dollars,2009-01-01,,Other
Canadian dollars,2009-01-01,,Other
Swiss francs,2009-01-01,0.13838214880706326,Other
U.S. dollars,2009-04-01,62.80572424938281,US Dollar
euro,2009-04-01,27.570791962655672,Other
Chinese renminbi,2009-04-01,,Chinese Renminbi
Japanese yen,2009-04-01,3.016488358204256,Other
pounds sterling,2009-04-01,4.282234956805815,Other
Australian dollars,2009-04-01,,Other
Canadian dollars,2009-04-01,,Other
Swiss francs,2009-04-01,0.12281663323750881,Other
U.S. dollars,2009-07-01,61.56527591587303,US Dollar
euro,2009-07-01,28.031258488304434,Other
Chinese renminbi,2009-07-01,,Chinese Renminbi
Japanese yen,2009-07-01,3.1588663160276447,Other
pounds sterling,2009-07-01,4.313649713472338,Other
Australian dollars,2009-07-01,,Other
Canadian dollars,2009-07-01,,Other
Swiss francs,2009-07-01,0.1191376751940517,Other
U.S. dollars,2009-10-01,62.15424763382346,US Dollar
euro,2009-10-01,27.70478174224649,Other
Chinese renminbi,2009-10-01,,Chinese Renminbi
Japanese yen,2009-10-01,2.902383899590819,Other
pounds sterling,2009-10-01,4.253075441945095,Other
Australian dollars,2009-10-01,,Other
Canadian dollars,2009-10-01,,Other
Swiss francs,2009-10-01,0.11566038233440791,Other
U.S. dollars,2010-01-01,62.176022578637614,US Dollar
euro,2010-01-01,27.062119834945047,Other
Chinese renminbi,2010-01-01,,Chinese Renminbi
Japanese yen,2010-01-01,2.9878161912444368,Other
pounds sterling,2010-01-01,4.300652555465721,Other
Australian dollars,2010-01-01,,Other
Canadian dollars,2010-01-01,,Other
Swiss francs,2010-01-01,0.11889016407401368,Other
U.S. dollars,2010-04-01,62.93722332410121,US Dollar
euro,2010-04-01,26.01535156693582,Other
Chinese renminbi,2010-04-01,,Chinese Renminbi
Japanese yen,2010-04-01,3.1935174510468114,Other
pounds sterling,2010-04-01,4.173307512515097,Other
Australian dollars,2010-04-01,,Other
Canadian dollars,2010-04-01,,Other
Swiss francs,2010-04-01,0.11043532392975258,Other
U.S. dollars,2010-07-01,61.959718750675286,US Dollar
euro,2010-07-01,26.39014431715842,Other
Chinese renminbi,2010-07-01,,Chinese Renminbi
Japanese yen,2010-07-01,3.496696404398225,Other
pounds sterling,2010-07-01,4.05828358840662,Other
Australian dollars,2010-07-01,,Other
Canadian dollars,2010-07-01,,Other
Swiss francs,2010-07-01,0.1020389624179524,Other
U.S. dollars,2010-10-01,62.24716201212118,US Dollar
euro,2010-10-01,25.762050013651628,Other
Chinese renminbi,2010-10-01,,Chinese Renminbi
Japanese yen,2010-10-01,3.6631458362955276,Other
pounds sterling,2010-10-01,3.941708641851112,Other
Australian dollars,2010-10-01,,Other
Canadian dollars,2010-10-01,,Other
Swiss francs,2010-10-01,0.12859275598889547,Other
U.S. dollars,2011-01-01,61.430088289003805,US Dollar
euro,2011-01-01,26.198522827601295,Other
Chinese renminbi,2011-01-01,,Chinese Renminbi
Japanese yen,2011-01-01,3.6253934366766853,Other
pounds sterling,2011-01-01,4.077357183596474,Other
Australian dollars,2011-01-01,,Other
Canadian dollars,2011-01-01,,Other
Swiss francs,2011-01-01,0.11820098950497893,Other
U.S. dollars,2011-04-01,60.88849358898604,US Dollar
euro,2011-04-01,26.49256487696289,Other
Chinese renminbi,2011-04-01,,Chinese Renminbi
Japanese yen,2011-04-01,3.728201144199908,Other
pounds sterling,2011-04-01,4.0633411277795295,Other
Australian dollars,2011-04-01,,Other
Canadian dollars,2011-04-01,,Other
Swiss francs,2011-04-01,0.11726098554964495,Other
U.S. dollars,2011-07-01,62.029500806341986,US Dollar
euro,2011-07-01,25.350751247701897,Other
Chinese renminbi,2011-07-01,,Chinese Renminbi
Japanese yen,2011-07-01,3.6953273705348453,Other
pounds sterling,2011-07-01,3.9075579869988193,Other
Australian dollars,2011-07-01,,Other
Canadian dollars,2011-07-01,,Other
Swiss francs,2011-07-01,0.30448880298692005,Other
U.S. dollars,2011-10-01,62.69890639534812,US Dollar
euro,2011-10-01,24.44960720789066,Other
Chinese renminbi,2011-10-01,,Chinese Renminbi
Japanese yen,2011-10-01,3.6135298394262003,Other
pounds sterling,2011-10-01,3.8378429817411437,Other
Australian dollars,2011-10-01,,Other
Canadian dollars,2011-10-01,,Other
Swiss francs,2011-10-01,0.07721506007031448,Other
U.S. dollars,2012-01-01,61.85504362492866,US Dollar
euro,2012-01-01,24.609491650727158,Other
Chinese renminbi,2012-01-01,,Chinese Renminbi
Japanese yen,2012-01-01,3.8556449870328184,Other
pounds sterling,2012-01-01,4.021864183185224,Other
Australian dollars,2012-01-01,,Other
Canadian dollars,2012-01-01,,Other
Swiss francs,2012-01-01,0.24456146479154353,Other
U.S. dollars,2012-04-01,61.76663270926237,US Dollar
euro,2012-04-01,24.80187842706839,Other
Chinese renminbi,2012-04-01,,Chinese Renminbi
Japanese yen,2012-04-01,3.9546766303554874,Other
pounds sterling,2012-04-01,3.844110675898376,Other
Australian dollars,2012-04-01,,Other
Canadian dollars,2012-04-01,,Other
Swiss francs,2012-04-01,0.23446163659195168,Other
U.S. dollars,2012-07-01,61.40956322961456,US Dollar
euro,2012-07-01,24.04161244456243,Other
Chinese renminbi,2012-07-01,,Chinese Renminbi
Japanese yen,2012-07-01,4.271089243518152,Other
pounds sterling,2012-07-01,4.120989121747496,Other
Australian dollars,2012-07-01,,Other
Canadian dollars,2012-07-01,,Other
Swiss francs,2012-07-01,0.29600981906373464,Other
U.S. dollars,2012-10-01,61.49718584717901,US Dollar
euro,2012-10-01,24.072334677720225,Other
Chinese renminbi,2012-10-01,,Chinese Renminbi
Japanese yen,2012-10-01,4.089078432621604,Other
pounds sterling,2012-10-01,4.042263825984428,Other
Australian dollars,2012-10-01,1.45624836896839,Other
Canadian dollars,2012-10-01,1.4257429320379087,Other
Swiss francs,2012-10-01,0.21270559249588022,Other
U.S. dollars,2013-01-01,62.03263646000066,US Dollar
euro,2013-01-01,23.40495811125273,Other
Chinese renminbi,2013-01-01,,Chinese Renminbi
Japanese yen,2013-01-01,3.8840550577212993,Other
pounds sterling,2013-01-01,3.8726030472657698,Other
Australian dollars,2013-01-01,1.6622620144596418,Other
Canadian dollars,2013-01-01,1.579196085364534,Other
Swiss francs,2013-01-01,0.26033563431197854,Other
U.S. dollars,2013-04-01,62.07643267242127,US Dollar
euro,2013-04-01,23.68348587746891,Other
Chinese renminbi,2013-04-01,,Chinese Renminbi
Japanese yen,2013-04-01,3.845028231204485,Other
pounds sterling,2013-04-01,3.8192696737232454,Other
Australian dollars,2013-04-01,1.6885357439396331,Other
Canadian dollars,2013-04-01,1.7961195834997015,Other
Swiss francs,2013-04-01,0.2578649420191943,Other
U.S. dollars,2013-07-01,61.65050579690619,US Dollar
euro,2013-07-01,23.949593223090226,Other
Chinese renminbi,2013-07-01,,Chinese Renminbi
Japanese yen,2013-07-01,3.8010955328804767,Other
pounds sterling,2013-07-01,3.924717968670538,Other
Australian dollars,2013-07-01,1.6823207139195027,Other
Canadian dollars,2013-07-01,1.8352167944415243,Other
Swiss francs,2013-07-01,0.2631674479480131,Other
U.S. dollars,2013-10-01,61.27682644535911,US Dollar
euro,2013-10-01,24.214165229134093,Other
Chinese renminbi,2013-10-01,,Chinese Renminbi
Japanese yen,2013-10-01,3.8240182634288584,Other
pounds sterling,2013-10-01,3.986656451092579,Other
Australian dollars,2013-10-01,1.8162816549998442,Other
Canadian dollars,2013-10-01,1.828627394337486,Other
Swiss francs,2013-10-01,0.26844895826606263,Other
U.S. dollars,2014-01-01,63.03687820664644,US Dollar
euro,2014-01-01,23.26719124363126,Other
Chinese renminbi,2014-01-01,,Chinese Renminbi
Japanese yen,2014-01-01,3.581708713397333,Other
pounds sterling,2014-01-01,3.7761500236654735,Other
Australian dollars,2014-01-01,1.7040559214083502,Other
Canadian dollars,2014-01-01,1.7403176444195867,Other
Swiss francs,2014-01-01,0.2376910397815969,Other
U.S. dollars,2014-04-01,63.081854275263524,US Dollar
euro,2014-04-01,22.96918404069528,Other
Chinese renminbi,2014-04-01,,Chinese Renminbi
Japanese yen,2014-04-01,3.6621536215946286,Other
pounds sterling,2014-04-01,3.777355355780669,Other
Australian dollars,2014-04-01,1.7243672475510796,Other
Canadian dollars,2014-04-01,1.8444610813026039,Other
Swiss francs,2014-04-01,0.24175194852262866,Other
U.S. dollars,2014-07-01,64.62356136283374,US Dollar
euro,2014-07-01,21.577080398948226,Other
Chinese renminbi,2014-07-01,,Chinese Renminbi
Japanese yen,2014-07-01,3.5699688969311616,Other
pounds sterling,2014-07-01,3.7484214232079727,Other
Australian dollars,2014-07-01,1.6809140178338233,Other
Canadian dollars,2014-07-01,1.7929675494753026,Other
Swiss francs,2014-07-01,0.22997349887938456,Other
U.S. dollars,2014-10-01,65.17277236671991,US Dollar
euro,2014-10-01,21.213634336195835,Other
Chinese renminbi,2014-10-01,,Chinese Renminbi
Japanese yen,2014-10-01,3.5454360218549175,Other
pounds sterling,2014-10-01,3.701893568467437,Other
Australian dollars,2014-10-01,1.595800292336773,Other
Canadian dollars,2014-10-01,1.75062371934689,Other
Swiss francs,2014-10-01,0.23997240354752966,Other
U.S. dollars,2015-01-01,66.00487607584078,US Dollar
euro,2015-01-01,20.023230398801594,Other
Chinese renminbi,2015-01-01,,Chinese Renminbi
Japanese yen,2015-01-01,3.8279967594512,Other
pounds sterling,2015-01-01,3.828912065258712,Other
Australian dollars,2015-01-01,1.5570067347442291,Other
Canadian dollars,2015-01-01,1.7110384539065728,Other
Swiss francs,2015-01-01,0.26360778454421924,Other
U.S. dollars,2015-04-01,65.29835896285448,US Dollar
euro,2015-04-01,19.898920101487676,Other
Chinese renminbi,2015-04-01,,Chinese Renminbi
Japanese yen,2015-04-01,3.565536243661718,Other
pounds sterling,2015-04-01,4.578387824509305,Other
Australian dollars,2015-04-01,1.7340401524733675,Other
Canadian dollars,2015-04-01,1.778214015334284,Other
Swiss francs,2015-04-01,0.29191143465431435,Other
U.S. dollars,2015-07-01,65.54748274366345,US Dollar
euro,2015-07-01,19.79339642017936,Other
Chinese renminbi,2015-07-01,,Chinese Renminbi
Japanese yen,2015-07-01,3.4886642098367413,Other
pounds sterling,2015-07-01,4.605198872361508,Other
Australian dollars,2015-07-01,1.6571514083123426,Other
Canadian dollars,2015-07-01,1.7451683753263594,Other
Swiss francs,2015-07-01,0.2530112953555814,Other
U.S. dollars,2015-10-01,65.74858154073283,US Dollar
euro,2015-10-01,19.147865506147305,Other
Chinese renminbi,2015-10-01,,Chinese Renminbi
Japanese yen,2015-10-01,3.7543150340523725,Other
pounds sterling,2015-10-01,4.716840036536989,Other
Australian dollars,2015-10-01,1.767530037675779,Other
Canadian dollars,2015-10-01,1.7753871583667737,Other
Swiss francs,2015-10-01,0.2674092424674868,Other
U.S. dollars,2016-01-01,65.46445865962271,US Dollar
euro,2016-01-01,19.55330566111198,Other
Chinese renminbi,2016-01-01,,Chinese Renminbi
Japanese yen,2016-01-01,3.6600894478184385,Other
pounds sterling,2016-01-01,4.652921528145126,Other
Australian dollars,2016-01-01,1.721194644640573,Other
Canadian dollars,2016-01-01,1.808088908635418,Other
Swiss francs,2016-01-01,0.19087485414498964,Other
U.S. dollars,2016-04-01,65.22503011001741,US Dollar
euro,2016-04-01,19.4120455761632,Other
Chinese renminbi,2016-04-01,,Chinese Renminbi
Japanese yen,2016-04-01,4.079313783222426,Other
pounds sterling,2016-04-01,4.561660457878779,Other
Australian dollars,2016-04-01,1.700257148213822,Other
Canadian dollars,2016-04-01,1.833480355223451,Other
Swiss francs,2016-04-01,0.17799073259454212,Other
U.S. dollars,2016-07-01,64.70434798850683,US Dollar
euro,2016-07-01,19.677682682941448,Other
Chinese renminbi,2016-07-01,,Chinese Renminbi
Japanese yen,2016-07-01,4.1903772118485065,Other
pounds sterling,2016-07-01,4.407217861365137,Other
Australian dollars,2016-07-01,1.7978557693503254,Other
Canadian dollars,2016-07-01,1.9139679086835084,Other
Swiss francs,2016-07-01,0.1771075409713184,Other
U.S. dollars,2016-10-01,65.36031192189922,US Dollar
euro,2016-10-01,19.13822141433241,Other
Chinese renminbi,2016-10-01,1.0783920467235248,Chinese Renminbi
Japanese yen,2016-10-01,3.953005709355554,Other
pounds sterling,2016-10-01,4.346218267615475,Other
Australian dollars,2016-10-01,1.6904966150339422,Other
Canadian dollars,2016-10-01,1.9380702284024536,Other
Swiss francs,2016-10-01,0.1626828128684283,Other
U.S. dollars,2017-01-01,64.68964749658087,US Dollar
euro,2017-01-01,19.28519545488112,Other
Chinese renminbi,2017-01-01,1.0803838571924376,Chinese Renminbi
Japanese yen,2017-01-01,4.525140530688743,Other
pounds sterling,2017-01-01,4.278661067433285,Other
Australian dollars,2017-01-01,1.7694856054022359,Other
Canadian dollars,2017-01-01,1.8964129410813848,Other
Swiss francs,2017-01-01,0.16363303320635242,Other
U.S. dollars,2017-04-01,63.844163930831634,US Dollar
euro,2017-04-01,19.95877921328743,Other
Chinese renminbi,2017-04-01,1.080369333765135,Chinese Renminbi
Japanese yen,2017-04-01,4.61978829231892,Other
pounds sterling,2017-04-01,4.424093932749991,Other
Australian dollars,2017-04-01,1.7535668489584937,Other
Canadian dollars,2017-04-01,1.9314481848882674,Other
Swiss francs,2017-04-01,0.1685444872790199,Other
U.S. dollars,2017-07-01,63.53429540619477,US Dollar
euro,2017-07-01,20.06736268830772,Other
Chinese renminbi,2017-07-01,1.121752571742259,Chinese Renminbi
Japanese yen,2017-07-01,4.515129043866934,Other
pounds sterling,2017-07-01,4.500788300887927,Other
Australian dollars,2017-07-01,1.7761239007193996,Other
Canadian dollars,2017-07-01,2.000546431047743,Other
Swiss francs,2017-07-01,0.16641565876612335,Other
U.S. dollars,2017-10-01,62.726993165501,US Dollar
euro,2017-10-01,20.16818726598717,Other
Chinese renminbi,2017-10-01,1.2331697112492317,Chinese Renminbi
Japanese yen,2017-10-01,4.8968639923868285,Other
pounds sterling,2017-10-01,4.542132141785477,Other
Australian dollars,2017-10-01,1.8026558538035031,Other
Canadian dollars,2017-10-01,2.025408514032357,Other
Swiss francs,2017-10-01,0.17581456877497648,Other
U.S. dollars,2018-01-01,62.79432484078007,US Dollar
euro,2018-01-01,20.36478705695449,Other
Chinese renminbi,2018-01-01,1.400770806334302,Chinese Renminbi
Japanese yen,2018-01-01,4.6353998903758376,Other
pounds sterling,2018-01-01,4.619651396512774,Other
Australian dollars,2018-01-01,1.7062997402588806,Other
Canadian dollars,2018-01-01,1.8587657084327296,Other
Swiss francs,2018-01-01,0.16785909089826406,Other
U.S. dollars,2018-04-01,62.408326936446876,US Dollar
euro,2018-04-01,20.262167704647087,Other
Chinese renminbi,2018-04-01,1.8339965386164145,Chinese Renminbi
Japanese yen,2018-04-01,4.860587197595654,Other
pounds sterling,2018-04-01,4.47693621052236,Other
Australian dollars,2018-04-01,1.7038469913628975,Other
Canadian dollars,2018-04-01,1.9050246900695338,Other
Swiss francs,2018-04-01,0.15909137793163908,Other
U.S. dollars,2018-07-01,61.952654213202365,US Dollar
euro,2018-07-01,20.47944130190505,Other
Chinese renminbi,2018-07-01,1.7994716978459562,Chinese Renminbi
Japanese yen,2018-07-01,4.968064441475175,Other
pounds sterling,2018-07-01,4.497257714123463,Other
Australian dollars,2018-07-01,1.6916360476019983,Other
Canadian dollars,2018-07-01,1.9497734860727187,Other
Swiss francs,2018-07-01,0.1558451736990504,Other
U.S. dollars,2018-10-01,61.76146453605904,US Dollar
euro,2018-10-01,20.674361523949695,Other
Chinese renminbi,2018-10-01,1.8933509686155905,Chinese Renminbi
Japanese yen,2018-10-01,5.192001082900585,Other
pounds sterling,2018-10-01,4.427241279173686,Other
Australian dollars,2018-10-01,1.6265096538067656,Other
Canadian dollars,2018-10-01,1.8386373005957746,Other
Swiss francs,2018-10-01,0.13781538722865555,Other
U.S. dollars,2019-01-01,61.78643129337961,US Dollar
euro,2019-01-01,20.28086108806879,Other
Chinese renminbi,2019-01-01,1.948784248806102,Chinese Renminbi
Japanese yen,2019-01-01,5.306506329401834,Other
pounds sterling,2019-01-01,4.553317735159693,Other
Australian dollars,2019-01-01,1.675171095802598,Other
Canadian dollars,2019-01-01,1.9155532469549277,Other
Swiss francs,2019-01-01,0.13546738648184334,Other
U.S. dollars,2019-04-01,61.30997379306255,US Dollar
euro,2019-04-01,20.560253363715315,Other
Chinese renminbi,2019-04-01,1.9315656986269545,Chinese Renminbi
Japanese yen,2019-04-01,5.505411128940061,Other
pounds sterling,2019-04-01,4.5172368138537164,Other
Australian dollars,2019-04-01,1.6994116163907484,Other
Canadian dollars,2019-04-01,1.9048109946154728,Other
Swiss francs,2019-04-01,0.1363241712135538,Other
U.S. dollars,2019-07-01,61.61399046440964,US Dollar
euro,2019-07-01,20.260238710964764,Other
Chinese renminbi,2019-07-01,1.9576681850333715,Chinese Renminbi
Japanese yen,2019-07-01,5.573023310684374,Other
pounds sterling,2019-07-01,4.508692471737911,Other
Australian dollars,2019-07-01,1.675360507888111,Other
Canadian dollars,2019-07-01,1.880902772398694,Other
Swiss francs,2019-07-01,0.14361579337785135,Other
U.S. dollars,2019-10-01,60.74771626223292,US Dollar
euro,2019-10-01,20.588446835182523,Other
Chinese renminbi,2019-10-01,1.9370453587069225,Chinese Renminbi
Japanese yen,2019-10-01,5.8687635583353,Other
pounds sterling,2019-10-01,4.638180826288825,Other
Australian dollars,2019-10-01,1.6969776930971543,Other
Canadian dollars,2019-10-01,1.8605251287367701,Other
Swiss francs,2019-10-01,0.1496123196328156,Other
U.S. dollars,2020-01-01,61.853159874860474,US Dollar
euro,2020-01-01,20.075737548031366,Other
Chinese renminbi,2020-01-01,2.012981194555169,Chinese Renminbi
Japanese yen,2020-01-01,5.887021720601425,Other
pounds sterling,2020-01-01,4.440571640726505,Other
Australian dollars,2020-01-01,1.5532114085183442,Other
Canadian dollars,2020-01-01,1.78399401321059,Other
Swiss francs,2020-01-01,0.14242897713390584,Other
U.S. dollars,2020-04-01,61.30831474745175,US Dollar
euro,2020-04-01,20.185316331001545,Other
Chinese renminbi,2020-04-01,2.07568123558117,Chinese Renminbi
Japanese yen,2020-04-01,5.7177747723913965,Other
pounds sterling,2020-04-01,4.480031668238683,Other
Australian dollars,2020-04-01,1.6906952547475314,Other
Canadian dollars,2020-04-01,1.9139209966104969,Other
Swiss francs,2020-04-01,0.1529567368615897,Other
U.S. dollars,2020-07-01,60.45108851620293,US Dollar
euro,2020-07-01,20.591559064302313,Other
Chinese renminbi,2020-07-01,2.159368251738025,Chinese Renminbi
Japanese yen,2020-07-01,5.831056678515771,Other
pounds sterling,2020-07-01,4.5696600403177055,Other
Australian dollars,2020-07-01,1.7410330274683399,Other
Canadian dollars,2020-07-01,2.0167622020961598,Other
Swiss francs,2020-07-01,0.1684307624966587,Other
U.S. dollars,2020-10-01,58.92287737426223,US Dollar
euro,2020-10-01,21.29404506612461,Other
Chinese renminbi,2020-10-01,2.2892133135219783,Chinese Renminbi
Japanese yen,2020-10-01,6.029354268336571,Other
pounds sterling,2020-10-01,4.731696135016203,Other
Australian dollars,2020-10-01,1.8279086023145978,Other
Canadian dollars,2020-10-01,2.0782082437889535,Other
Swiss francs,2020-10-01,0.17479454731959287,Other
U.S. dollars,2021-01-01,59.43227103953135,US Dollar
euro,2021-01-01,20.50011162112542,Other
Chinese renminbi,2021-01-01,2.500441383742362,Chinese Renminbi
Japanese yen,2021-01-01,5.850448112743438,Other
pounds sterling,2021-01-01,4.725069924323116,Other
Australian dollars,2021-01-01,1.8318725221885785,Other
Canadian dollars,2021-01-01,2.1312317894402217,Other
Swiss francs,2021-01-01,0.16575062985470543,Other
U.S. dollars,2021-04-01,59.18423939511443,US Dollar
euro,2021-04-01,20.58288945092496,Other
Chinese renminbi,2021-04-01,2.635244757494321,Chinese Renminbi
Japanese yen,2021-04-01,5.626839531268903,Other
pounds sterling,2021-04-01,4.695214580622119,Other
Australian dollars,2021-04-01,1.8285534458159538,Other
Canadian dollars,2021-04-01,2.26018192743356,Other
Swiss francs,2021-04-01,0.19362145019085444,Other
U.S. dollars,2021-07-01,59.249846097603175,US Dollar
euro,2021-07-01,20.523545516803132,Other
Chinese renminbi,2021-07-01,2.6838546987579748,Chinese Renminbi
Japanese yen,2021-07-01,5.678065800526321,Other
pounds sterling,2021-07-01,4.666551980615656,Other
Australian dollars,2021-07-01,1.789759629944027,Other
Canadian dollars,2021-07-01,2.2076848575442987,Other
Swiss francs,2021-07-01,0.1985587142781422,Other
U.S. dollars,2021-10-01,58.79866187948027,US Dollar
euro,2021-10-01,20.59271720729827,Other
Chinese renminbi,2021-10-01,2.798929266864334,Chinese Renminbi
Japanese yen,2021-10-01,5.519709732738865,Other
pounds sterling,2021-10-01,4.8083065684535615,Other
Australian dollars,2021-10-01,1.8367505263582793,Other
Canadian dollars,2021-10-01,2.381258029529461,Other
Swiss francs,2021-10-01,0.17252650069274988,Other
U.S. dollars,2022-01-01,58.96898594933659,US Dollar
euro,2022-01-01,19.960692005404777,Other
Chinese renminbi,2022-01-01,2.8388562118559677,Chinese Renminbi
Japanese yen,2022-01-01,5.407474048387096,Other
pounds sterling,2022-01-01,4.872017856375571,Other
Australian dollars,2022-01-01,1.9050604254692256,Other
Canadian dollars,2022-01-01,2.46459665382614,Other
Swiss francs,2022-01-01,0.2530966414669585,Other
U.S. dollars,2022-04-01,59.739195684781954,US Dollar
euro,2022-04-01,19.639960514946058,Other
Chinese renminbi,2022-04-01,2.7764910614724783,Chinese Renminbi
Japanese yen,2022-04-01,5.177684401735133,Other
pounds sterling,2022-04-01,4.825742638625732,Other
Australian dollars,2022-04-01,1.8802055495479413,Other
Canadian dollars,2022-04-01,2.488283136479084,Other
Swiss francs,2022-04-01,0.24757007763938718,Other
U.S. dollars,2022-07-01,60.10061735406654,US Dollar
euro,2022-07-01,19.48552198121431,Other
Chinese renminbi,2022-07-01,2.634376594468965,Chinese Renminbi
Japanese yen,2022-07-01,5.2671975762604495,Other
pounds sterling,2022-07-01,4.563239546457614,Other
Australian dollars,2022-07-01,1.9149683634672816,Other
Canadian dollars,2022-07-01,2.448978449570541,Other
Swiss francs,2022-07-01,0.23094708952540072,Other
U.S. dollars,2022-10-01,58.51632561395793,US Dollar
euro,2022-10-01,20.371274848718397,Other
Chinese renminbi,2022-10-01,2.6124988445811623,Chinese Renminbi
Japanese yen,2022-10-01,5.541937962368624,Other
pounds sterling,2022-10-01,4.899592328460285,Other
Australian dollars,2022-10-01,1.966329732302542,Other
Canadian dollars,2022-10-01,2.387764622016831,Other
Swiss francs,2022-10-01,0.2283492996262334,Other
U.S. dollars,2023-01-01,59.46175333228537,US Dollar
euro,2023-01-01,19.57667018031717,Other
Chinese renminbi,2023-01-01,2.5801420141526674,Chinese Renminbi
Japanese yen,2023-01-01,5.456456170300956,Other
pounds sterling,2023-01-01,4.758527175282642,Other
Australian dollars,2023-01-01,1.9873128414090926,Other
Canadian dollars,2023-01-01,2.4359048299663306,Other
Swiss francs,2023-01-01,0.2525518739249334,Other
U.S. dollars,2023-04-01,59.41538598568691,US Dollar
euro,2023-04-01,19.724427312859767,Other
Chinese renminbi,2023-04-01,2.4461174534008254,Chinese Renminbi
Japanese yen,2023-04-01,5.370156365716681,Other
pounds sterling,2023-04-01,4.765705996761803,Other
Australian dollars,2023-04-01,1.9657738508590255,Other
Canadian dollars,2023-04-01,2.5017619821099393,Other
Swiss francs,2023-04-01,0.18937165955493968,Other
U.S. dollars,2023-07-01,59.18187703716343,US Dollar
euro,2023-07-01,19.55713288698163,Other
Chinese renminbi,2023-07-01,2.3741216216248078,Chinese Renminbi
Japanese yen,2023-07-01,5.477729909794802,Other
pounds sterling,2023-07-01,4.809269869078204,Other
Australian dollars,2023-07-01,2.027257372057475,Other
Canadian dollars,2023-07-01,2.50881915401721,Other
Swiss francs,2023-07-01,0.18031949162502842,Other
U.S. dollars,2023-10-01,58.41691684065585,US Dollar
euro,2023-10-01,19.945322308306633,Other
Chinese renminbi,2023-10-01,2.2891045527277956,Chinese Renminbi
Japanese yen,2023-10-01,5.690022925276141,Other
pounds sterling,2023-10-01,4.864509718565224,Other
Australian dollars,2023-10-01,2.143846781031727,Other
Canadian dollars,2023-10-01,2.5885849670369554,Other
Swiss francs,2023-10-01,0.19441318450003803,Other
U.S. dollars,2024-01-01,58.937016691149815,US Dollar
euro,2024-01-01,19.596430154849767,Other
Chinese renminbi,2024-01-01,2.1490234768496195,Chinese Renminbi
Japanese yen,2024-01-01,5.696414408632116,Other
pounds sterling,2024-01-01,4.892208707027538,Other
Australian dollars,2024-01-01,2.161118221538882,Other
Canadian dollars,2024-01-01,2.5719016563194965,Other
Swiss francs,2024-01-01,0.1906767207627949,Other
U.S. dollars,2024-04-01,58.24213082873371,US Dollar
euro,2024-04-01,19.751012791821424,Other
Chinese renminbi,2024-04-01,2.1378538407423107,Chinese Renminbi
Japanese yen,2024-04-01,5.595203868181414,Other
pounds sterling,2024-04-01,4.9353760886304885,Other
Australian dollars,2024-04-01,2.2372770679131704,Other
Canadian dollars,2024-04-01,2.6769392570890593,Other
Swiss francs,2024-04-01,0.19562682120800376,Other
U.S. dollars,2024-07-01,57.39114285388705,US Dollar
euro,2024-07-01,20.016466152251716,Other
Chinese renminbi,2024-07-01,2.171486449633587,Chinese Renminbi
Japanese yen,2024-07-01,5.819352110896024,Other
pounds sterling,2024-07-01,4.969309898596517,Other
Australian dollars,2024-07-01,2.2689871964205204,Other
Canadian dollars,2024-07-01,2.7394573039961387,Other
Swiss francs,2024-07-01,0.16737116524524132,Other
