Rk,Player,Age,Team,Pos,G,GS,MP,PER,TS%,3PAr,FTr,ORB%,DRB%,TRB%,AST%,STL%,BLK%,TOV%,USG%,OWS,DWS,WS,WS/48,OBPM,DBPM,BPM,VORP,Awards,Player-additional
1,Nikola Jokić,29,DEN,C,29,29,1070,32.1,.651,.219,.309,10.7,27.4,19.4,42.8,2.2,1.4,12.4,30.7,5.3,1.4,6.6,.298,10.2,2.4,12.6,3.9,,jokicni01
2,Shai Gilgeous-Alexander,26,OKC,PG,32,32,1104,30.2,.639,.294,.379,2.6,14.2,8.4,30.3,2.8,3.4,9.9,33.5,4.5,2.5,7.0,.303,8.3,3.3,11.6,3.8,,gilgesh01
3,Giannis Antetokounmpo,30,MIL,PF,25,25,875,31.5,.630,.035,.547,6.4,29.0,18.1,34.7,1.1,3.9,11.5,36.6,3.1,1.4,4.4,.244,6.7,2.5,9.2,2.5,,antetgi01
4,Jayson Tatum,26,BOS,PF,30,30,1090,24.0,.609,.522,.361,1.9,26.5,14.2,24.8,1.7,1.1,10.6,30.7,3.1,1.8,4.9,.217,5.7,1.3,7.0,2.5,,tatumja01
5,Victor Wembanyama,21,SAS,C,28,28,920,25.9,.607,.490,.232,6.0,26.2,16.3,21.2,1.5,10.7,14.0,32.0,1.1,1.9,3.0,.159,4.9,3.3,8.2,2.4,,wembavi01
6,Alperen Sengun,22,HOU,C,33,33,1040,22.9,.548,.097,.322,11.2,24.3,17.7,26.1,2.0,2.7,12.2,25.9,2.1,2.3,4.4,.205,3.8,2.6,6.4,2.2,,sengual01
7,Domantas Sabonis,28,SAC,C,31,31,1103,24.1,.660,.167,.312,12.1,31.6,21.8,26.5,1.1,1.1,15.8,22.4,3.7,1.3,5.1,.220,4.8,0.9,5.6,2.1,,sabondo01
8,Anthony Davis,31,LAL,C,31,31,1077,27.1,.603,.122,.459,8.3,29.0,18.8,17.9,1.8,5.4,9.2,30.0,2.9,1.6,4.5,.201,4.6,1.0,5.6,2.1,,davisan02
9,Karl-Anthony Towns,29,NYK,C,32,32,1096,26.3,.662,.306,.363,10.0,34.7,22.9,15.0,1.2,2.5,12.0,27.4,3.9,1.8,5.7,.250,5.0,0.3,5.4,2.1,,townska01
10,Josh Hart,29,NYK,SG,33,33,1232,17.9,.675,.369,.283,5.6,20.6,13.4,20.1,1.9,1.0,15.5,14.9,3.3,1.6,4.9,.190,2.3,1.5,3.8,1.8,,hartjo01
11,Luka Dončić,25,DAL,PG,22,22,785,24.9,.584,.455,.313,2.3,22.4,12.7,36.1,2.7,1.0,12.4,32.9,1.9,1.3,3.2,.194,5.6,1.2,6.9,1.8,,doncilu01
12,Franz Wagner,23,ORL,SF,25,25,829,22.9,.573,.336,.285,3.1,17.3,9.9,32.4,2.6,1.4,10.3,31.0,1.7,1.5,3.2,.186,4.3,1.8,6.2,1.7,,wagnefr01
13,LeBron James,40,LAL,SF,29,29,1015,21.9,.586,.312,.250,3.0,21.7,12.4,43.4,1.1,1.6,15.9,29.8,1.7,0.8,2.5,.117,4.6,-0.1,4.5,1.7,,jamesle01
14,Jalen Williams,23,OKC,SG,32,32,1035,20.3,.561,.300,.190,3.1,16.1,9.6,25.0,2.6,2.2,10.9,27.6,1.3,2.3,3.6,.169,2.4,1.8,4.3,1.7,,willija06
15,Kyrie Irving,32,DAL,SG,30,30,1068,20.6,.611,.384,.199,3.3,10.4,7.0,21.8,1.6,0.9,10.2,26.6,2.7,1.0,3.7,.166,4.5,-0.4,4.0,1.6,,irvinky01
16,Tyler Herro,25,MIA,SG,31,31,1095,20.1,.625,.548,.232,1.0,16.2,8.7,25.5,1.0,0.3,11.2,27.3,2.4,1.1,3.5,.154,4.7,-0.9,3.9,1.6,,herroty01
17,Stephen Curry,36,GSW,PG,26,26,812,20.5,.603,.625,.209,1.5,14.6,7.8,33.3,1.8,1.6,14.4,28.4,1.5,1.0,2.5,.151,5.6,0.2,5.8,1.6,,curryst01
18,Cameron Johnson,28,BRK,PF,31,31,1006,19.1,.665,.580,.314,2.7,13.1,7.7,16.2,1.4,1.4,9.6,21.9,2.7,0.5,3.3,.156,4.6,-0.4,4.2,1.6,,johnsca02
19,Derrick White,30,BOS,SG,32,32,1093,17.1,.614,.699,.166,3.0,11.6,7.3,19.2,1.4,3.0,11.0,19.4,2.4,1.4,3.9,.169,3.0,0.7,3.7,1.6,,whitede01
20,Payton Pritchard,27,BOS,PG,33,0,944,19.0,.651,.763,.128,5.5,9.2,7.3,17.6,1.7,0.4,8.3,19.7,3.0,1.0,4.0,.206,4.2,0.0,4.2,1.5,,pritcpa01
21,Jalen Brunson,28,NYK,PG,33,33,1152,22.1,.609,.352,.381,1.5,8.0,4.9,33.2,1.1,0.2,10.4,29.0,4.1,0.7,4.8,.201,4.9,-1.8,3.1,1.5,,brunsja01
22,Donovan Mitchell,28,CLE,SG,32,32,1009,21.2,.592,.514,.206,1.9,13.6,7.9,21.8,2.3,0.7,9.5,30.1,2.1,1.4,3.5,.165,3.7,-0.1,3.6,1.4,,mitchdo01
23,Darius Garland,25,CLE,PG,32,32,961,21.5,.628,.459,.207,1.9,7.3,4.7,32.4,1.8,0.8,12.7,26.8,3.0,1.0,4.0,.201,4.6,-0.7,3.9,1.4,,garlada01
24,LaMelo Ball,23,CHO,PG,22,22,742,22.1,.557,.529,.226,2.7,14.7,8.5,45.6,1.9,0.7,13.1,39.1,1.1,0.6,1.7,.110,6.0,-0.4,5.7,1.4,,ballla01
25,Nikola Vučević,34,CHI,C,33,33,1062,21.6,.650,.328,.146,7.1,25.6,16.4,16.3,1.1,1.8,9.5,22.4,2.7,0.9,3.7,.167,3.6,-0.3,3.3,1.4,,vucevni01
26,Tyrese Haliburton,24,IND,PG,34,34,1199,18.5,.573,.592,.227,2.3,9.3,5.9,34.5,1.6,1.6,10.8,21.2,2.9,0.5,3.4,.136,3.8,-1.2,2.6,1.4,,halibty01
27,James Harden,35,LAC,PG,32,32,1085,18.7,.572,.515,.464,1.9,18.3,10.1,35.6,2.1,1.8,20.0,30.4,0.8,1.7,2.5,.111,2.5,0.6,3.1,1.4,,hardeja01
28,Evan Mobley,23,CLE,PF,31,31,937,22.3,.648,.205,.321,7.8,23.5,15.9,13.5,1.6,4.4,13.4,23.4,2.3,1.7,4.0,.204,2.4,1.4,3.8,1.4,,mobleev01
29,Jarrett Allen,26,CLE,C,33,33,965,21.7,.717,.004,.414,8.9,28.4,18.9,8.5,1.7,2.7,10.3,15.6,3.1,1.8,4.9,.244,2.6,1.0,3.6,1.4,,allenja01
30,Damian Lillard,34,MIL,PG,24,24,871,21.8,.613,.531,.393,1.9,11.4,6.8,32.7,1.5,0.4,12.4,28.3,2.6,0.8,3.3,.184,4.7,-0.8,3.9,1.3,,lillada01
31,Anthony Edwards,23,MIN,SG,32,32,1154,17.7,.574,.489,.192,2.1,15.3,8.8,19.1,1.7,1.6,12.4,29.8,0.7,1.6,2.4,.099,2.6,-0.1,2.5,1.3,,edwaran01
32,De'Aaron Fox,27,SAC,PG,34,34,1265,20.7,.586,.310,.297,3.3,11.8,7.5,27.3,2.1,0.9,12.8,30.2,2.3,1.1,3.4,.128,2.9,-0.9,2.0,1.3,,foxde01
33,Jimmy Butler,35,MIA,PF,21,21,651,24.3,.648,.133,.659,8.7,11.4,10.0,24.5,1.9,1.2,8.2,21.4,2.8,0.7,3.5,.260,5.0,0.8,5.7,1.2,,butleji01
34,Jaren Jackson Jr.,25,MEM,C,32,32,912,21.2,.598,.326,.355,5.3,16.7,11.2,9.8,2.3,5.4,10.6,28.7,1.5,1.8,3.3,.176,1.8,1.6,3.3,1.2,,jacksja02
35,Cade Cunningham,23,DET,PG,29,29,1040,19.1,.546,.332,.224,3.2,17.8,10.5,44.5,1.1,2.3,17.0,31.3,1.1,0.9,1.9,.090,3.2,-0.5,2.7,1.2,,cunnica01
36,Santi Aldama,24,MEM,PF,31,11,797,18.2,.611,.447,.138,6.4,22.6,14.7,15.6,1.6,1.9,10.3,18.2,1.6,1.4,3.0,.182,2.8,1.3,4.1,1.2,,aldamsa01
37,Norman Powell,31,LAC,SG,26,26,867,19.8,.635,.481,.253,1.0,10.2,5.6,12.9,1.9,0.6,9.8,27.4,1.8,1.0,2.8,.157,3.8,-0.3,3.5,1.2,,powelno01
38,Jalen Johnson,23,ATL,SF,31,31,1130,18.2,.581,.270,.231,5.2,25.1,15.0,22.2,2.0,2.8,15.1,22.4,1.2,1.4,2.5,.108,1.0,1.2,2.2,1.2,,johnsja05
39,Tyrese Maxey,24,PHI,PG,25,25,935,19.4,.548,.450,.268,0.6,10.8,5.5,26.1,2.8,1.1,8.9,30.5,1.1,1.0,2.1,.109,2.8,-0.1,2.7,1.1,,maxeyty01
40,Amen Thompson,22,HOU,SF,32,5,891,17.4,.609,.158,.406,9.1,17.6,13.3,11.5,1.9,3.5,15.8,17.2,1.3,1.8,3.2,.170,0.5,2.2,2.7,1.0,,thompam01
41,Goga Bitadze,25,ORL,C,30,27,740,20.8,.669,.072,.320,13.4,26.5,19.7,14.5,1.8,6.3,17.2,15.7,1.7,1.7,3.3,.215,0.7,2.9,3.5,1.0,,bitadgo01
42,Pascal Siakam,30,IND,PF,34,34,1146,19.0,.617,.312,.259,5.4,18.3,12.0,15.2,1.3,0.8,7.9,22.5,2.7,0.7,3.4,.142,2.5,-0.9,1.6,1.0,,siakapa01
43,Fred VanVleet,30,HOU,PG,31,31,1096,14.0,.497,.561,.177,2.3,11.3,6.8,24.1,2.2,1.3,9.1,19.4,1.2,1.9,3.1,.135,0.2,1.5,1.7,1.0,,vanvlfr01
44,Tari Eason,23,HOU,PF,24,0,546,20.1,.557,.330,.222,9.6,19.4,14.4,6.9,4.1,4.0,7.6,19.8,0.9,1.5,2.4,.209,1.5,3.8,5.3,1.0,,easonta01
45,Kevin Durant,36,PHO,PF,22,22,793,21.8,.626,.307,.362,1.6,18.4,10.1,19.0,1.1,3.4,13.0,31.1,1.3,0.6,1.8,.110,3.5,-0.6,2.9,1.0,,duranke01
46,Ivica Zubac,27,LAC,C,33,33,1069,20.3,.608,.000,.259,13.6,29.4,21.5,12.6,1.1,3.3,12.8,18.9,2.1,1.8,3.9,.174,1.2,0.3,1.5,1.0,,zubaciv01
47,Dereck Lively II,20,DAL,C,26,19,624,20.3,.701,.000,.448,14.0,20.5,17.4,14.9,1.3,6.2,16.6,13.2,1.9,1.0,2.9,.221,1.5,2.5,4.0,0.9,,livelde01
48,Chris Paul,39,SAS,PG,33,33,951,16.5,.582,.641,.204,2.0,13.7,7.9,39.7,2.6,0.6,17.8,14.7,2.1,1.1,3.2,.161,0.7,1.0,1.8,0.9,,paulch01
49,Daniel Gafford,26,DAL,C,33,15,680,24.5,.726,.000,.449,13.2,18.9,16.1,8.7,1.1,6.1,12.1,19.3,2.5,1.0,3.5,.249,2.4,0.9,3.3,0.9,,gaffoda01
50,Moritz Wagner,27,ORL,C,30,1,564,22.4,.649,.301,.442,7.9,23.5,15.3,13.7,2.1,2.1,14.1,26.6,1.1,1.1,2.2,.189,2.9,1.4,4.3,0.9,,wagnemo01
51,Bam Adebayo,27,MIA,C,31,31,1078,17.6,.525,.193,.311,7.6,23.5,15.6,22.0,2.1,2.3,12.3,22.5,1.0,1.8,2.7,.122,0.0,1.2,1.2,0.9,,adebaba01
52,Julius Randle,30,MIN,PF,32,32,1055,17.8,.595,.338,.389,6.6,16.8,11.8,21.9,1.0,0.6,15.0,26.2,1.7,1.3,3.0,.137,1.6,-0.4,1.3,0.9,,randlju01
53,Ja Morant,25,MEM,PG,20,20,553,21.0,.573,.307,.415,2.5,13.7,8.3,41.9,1.8,1.3,17.0,31.9,1.0,0.8,1.8,.159,4.1,0.0,4.1,0.9,,moranja01
54,Caris LeVert,30,CLE,SF,27,0,643,17.4,.640,.484,.312,2.3,9.8,6.1,20.7,1.9,1.8,12.8,18.8,1.5,0.8,2.3,.171,2.3,0.9,3.2,0.9,,leverca01
55,Devin Booker,28,PHO,SG,27,27,981,20.3,.578,.423,.394,3.6,7.6,5.6,29.1,1.5,0.9,9.7,28.7,2.6,0.3,2.9,.140,3.4,-2.0,1.4,0.8,,bookede01
56,Desmond Bane,26,MEM,SG,26,25,742,16.5,.580,.452,.193,3.2,18.0,10.8,23.6,1.8,1.5,13.9,22.6,1.1,1.2,2.3,.146,1.2,1.2,2.4,0.8,,banede01
57,Ty Jerome,27,CLE,SG,32,2,562,20.5,.623,.445,.202,4.0,9.3,6.7,26.9,3.1,0.2,12.2,22.6,1.7,0.8,2.4,.209,2.6,1.2,3.7,0.8,,jeromty01
58,Scottie Barnes,23,TOR,PF,21,21,716,18.1,.553,.345,.278,5.4,21.3,13.3,31.0,2.0,1.9,17.1,27.1,0.4,0.6,1.0,.064,2.3,0.2,2.5,0.8,,barnesc01
59,Trayce Jackson-Davis,24,GSW,C,31,24,579,20.6,.621,.005,.280,11.4,21.4,16.3,17.4,0.9,4.6,10.7,17.4,1.5,0.9,2.3,.192,1.8,1.5,3.3,0.8,,jackstr02
60,Andrew Wiggins,29,GSW,SF,28,28,815,16.6,.569,.416,.271,5.4,10.2,7.7,12.2,1.4,2.8,7.5,22.3,1.3,0.9,2.2,.130,1.9,-0.2,1.6,0.8,,wiggian01
61,Tyus Jones,28,PHO,PG,32,32,1003,16.2,.623,.540,.090,2.0,7.2,4.7,29.7,1.6,0.5,11.3,16.0,2.5,0.3,2.7,.131,2.2,-1.2,1.0,0.7,,jonesty01
62,Jalen Suggs,23,ORL,PG,33,33,973,14.8,.539,.498,.230,2.6,14.4,8.2,21.6,2.5,3.3,16.0,27.2,-0.3,1.8,1.5,.073,-0.3,1.4,1.0,0.7,,suggsja01
63,Trae Young,26,ATL,PG,32,32,1145,18.3,.561,.505,.404,1.7,9.3,5.4,47.9,1.7,0.5,18.4,27.5,2.0,0.6,2.6,.110,2.9,-2.3,0.6,0.7,,youngtr01
64,Obi Toppin,26,IND,PF,31,0,610,19.0,.657,.476,.178,4.0,18.6,11.5,13.0,1.9,1.8,7.6,18.7,1.5,0.5,2.0,.155,2.6,0.1,2.7,0.7,,toppiob01
65,Walker Kessler,23,UTA,C,26,26,774,19.7,.694,.025,.399,14.8,25.6,20.3,8.9,0.9,8.4,16.9,12.5,1.7,0.6,2.3,.144,0.7,0.8,1.6,0.7,,kesslwa01
66,Isaiah Hartenstein,26,OKC,C,17,16,512,19.8,.600,.044,.316,10.1,33.0,21.6,17.6,1.3,4.2,14.3,17.5,1.0,1.4,2.4,.224,0.6,2.7,3.3,0.7,,harteis01
67,Jonas Valančiūnas,32,WAS,C,31,7,620,22.4,.610,.070,.253,12.0,29.6,20.8,20.2,1.3,3.5,15.3,24.0,1.1,0.6,1.7,.131,2.2,0.2,2.4,0.7,,valanjo01
68,Royce O'Neale,31,PHO,SF,31,9,817,14.5,.608,.689,.082,4.3,19.0,11.8,13.0,1.8,2.2,10.4,16.0,1.1,0.7,1.8,.104,1.1,0.2,1.2,0.7,,onealro01
69,Jay Huff,26,MEM,C,30,1,459,18.3,.671,.640,.228,4.2,13.6,9.0,7.2,0.8,6.5,8.8,19.6,1.1,0.7,1.8,.187,2.7,1.0,3.7,0.7,,huffja01
70,Brook Lopez,36,MIL,C,31,31,1004,14.0,.604,.530,.137,4.1,12.0,8.2,7.0,1.3,5.6,9.4,15.3,1.1,1.3,2.3,.111,-0.2,0.8,0.6,0.6,,lopezbr01
71,Michael Porter Jr.,26,DEN,SF,32,32,1091,16.6,.628,.448,.188,5.3,15.3,10.5,10.8,1.0,1.0,8.8,20.2,2.1,0.6,2.7,.121,2.0,-1.7,0.3,0.6,,portemi01
72,Jake LaRavia,23,MEM,PF,33,0,729,13.6,.603,.371,.351,7.3,13.7,10.6,18.0,1.8,2.2,19.7,15.1,0.9,1.1,2.1,.135,-0.2,1.5,1.4,0.6,,laravja01
73,De'Andre Hunter,27,ATL,SF,23,2,641,19.5,.658,.455,.383,2.5,13.4,7.9,7.7,1.5,0.4,7.9,24.7,1.7,0.4,2.1,.156,3.1,-1.2,1.9,0.6,,huntede01
74,Josh Giddey,22,CHI,PG,30,30,818,16.0,.534,.379,.227,5.5,20.7,13.2,34.7,1.6,1.5,19.4,21.5,0.6,0.7,1.3,.076,0.7,0.3,1.0,0.6,,giddejo01
75,Jaylen Brown,28,BOS,SF,28,28,990,19.0,.557,.360,.290,4.7,13.7,9.2,21.2,1.9,0.7,11.2,30.0,1.3,1.3,2.6,.126,1.2,-0.8,0.4,0.6,,brownja02
76,John Collins,27,UTA,PF,26,17,780,19.4,.629,.265,.315,8.4,21.9,15.2,13.8,1.8,2.6,15.5,23.3,1.4,0.4,1.8,.111,1.6,-0.5,1.1,0.6,,collijo01
77,Luke Kornet,29,BOS,C,27,3,452,18.1,.646,.000,.520,13.6,18.9,16.2,11.5,1.3,5.5,10.7,9.8,1.4,0.8,2.1,.228,1.2,2.1,3.3,0.6,,kornelu01
78,Zach LaVine,29,CHI,SF,29,29,965,17.2,.637,.469,.236,0.7,13.2,7.0,19.7,1.2,0.7,14.5,25.7,1.2,0.5,1.6,.080,2.0,-1.5,0.5,0.6,,lavinza01
79,Rudy Gobert,32,MIN,C,32,32,1078,15.8,.667,.000,.557,11.5,23.4,17.5,7.3,1.0,4.0,16.1,12.1,2.1,1.8,3.9,.174,-0.9,1.2,0.2,0.6,,goberru01
80,Jordan Poole,25,WAS,SG,27,27,848,16.7,.595,.549,.297,1.2,7.6,4.4,25.4,2.5,1.5,16.5,28.8,0.5,0.3,0.8,.043,1.9,-1.2,0.7,0.6,,poolejo01
81,RJ Barrett,24,TOR,SG,27,27,922,17.3,.552,.303,.337,2.9,18.9,10.9,29.4,0.9,1.1,13.7,29.9,0.7,0.4,1.1,.057,1.8,-1.3,0.5,0.6,,barrerj01
82,Jrue Holiday,34,BOS,PG,27,27,821,14.1,.579,.547,.169,3.9,10.9,7.4,16.9,1.5,1.2,12.0,17.1,1.3,0.9,2.2,.130,0.3,0.5,0.8,0.6,,holidjr01
83,Keon Ellis,25,SAC,SG,32,5,649,13.0,.650,.724,.248,4.1,8.2,6.1,6.8,3.0,4.0,13.9,12.4,0.8,0.8,1.6,.120,-0.2,1.7,1.5,0.6,,elliske01
84,Dyson Daniels,21,ATL,SG,30,30,1004,13.6,.507,.322,.118,5.2,11.2,8.1,14.7,4.3,2.4,12.8,17.7,0.0,1.4,1.4,.065,-2.3,2.5,0.2,0.6,,daniedy01
85,Jakob Poeltl,29,TOR,C,29,28,925,19.1,.613,.006,.299,13.2,24.1,18.6,12.5,1.8,3.9,14.7,18.7,1.6,0.9,2.5,.129,0.2,0.3,0.4,0.6,,poeltja01
86,Lauri Markkanen,27,UTA,PF,27,27,865,17.7,.595,.555,.359,6.4,15.7,11.1,9.6,1.2,0.7,8.3,23.4,2.0,0.0,2.0,.111,2.9,-2.3,0.6,0.6,,markkla01
87,Dean Wade,28,CLE,PF,24,15,539,12.2,.551,.850,.200,4.8,20.4,12.8,7.9,2.1,2.0,4.4,10.9,0.7,0.9,1.6,.140,0.2,1.8,2.0,0.5,,wadede01
88,Mikal Bridges,28,NYK,SF,34,34,1334,14.2,.595,.447,.073,2.7,6.7,4.8,11.8,1.5,1.2,9.2,18.9,1.8,1.0,2.7,.098,0.6,-1.0,-0.4,0.5,,bridgmi01
89,Russell Westbrook,36,DEN,PG,32,11,844,16.2,.538,.350,.334,4.6,13.7,9.3,33.0,3.0,1.8,19.3,22.4,0.6,0.9,1.5,.086,-0.1,0.6,0.5,0.5,,westbru01
90,T.J. McConnell,32,IND,PG,33,0,646,19.8,.575,.081,.125,3.8,11.1,7.5,34.9,2.9,1.3,14.7,24.6,0.9,0.5,1.4,.102,1.3,0.0,1.3,0.5,,mccontj01
91,Malik Beasley,28,DET,SG,33,8,923,14.7,.582,.692,.114,2.3,10.1,6.2,10.2,1.3,0.2,7.3,23.0,1.1,0.5,1.6,.085,2.0,-1.7,0.3,0.5,,beaslma01
92,Cason Wallace,21,OKC,SG,31,19,832,11.1,.493,.482,.055,4.6,8.6,6.6,11.1,3.1,2.8,8.1,11.4,0.5,1.7,2.2,.127,-2.3,2.8,0.5,0.5,,wallaca01
93,Trey Murphy III,24,NOP,SF,21,19,721,17.1,.604,.552,.245,2.5,12.3,7.1,12.4,1.6,1.7,9.1,23.2,1.3,0.1,1.3,.090,2.4,-1.5,0.8,0.5,,murphtr02
94,OG Anunoby,27,NYK,PF,34,34,1239,14.4,.580,.450,.178,4.0,11.5,7.9,7.3,2.0,2.6,8.3,18.7,1.4,1.4,2.8,.110,-0.3,-0.1,-0.4,0.5,,anunoog01
95,Draymond Green,34,GSW,PF,28,26,797,12.0,.533,.538,.305,3.8,19.6,11.4,26.5,1.8,3.6,23.6,15.3,0.2,1.3,1.4,.086,-1.9,2.5,0.5,0.5,,greendr01
96,Chet Holmgren,22,OKC,C,10,10,265,22.6,.619,.333,.441,6.4,27.9,17.2,11.0,1.5,10.1,14.8,25.0,0.4,0.8,1.1,.202,2.1,3.4,5.5,0.5,,holmgch01
97,Al Horford,38,BOS,C,26,23,719,11.8,.561,.722,.061,3.3,17.6,10.4,10.9,1.2,2.7,10.2,13.5,0.7,1.0,1.7,.113,-0.2,1.1,0.8,0.5,,horfoal01
98,Bobby Portis,29,MIL,PF,30,5,763,18.4,.542,.294,.111,8.2,25.8,17.3,14.1,1.5,2.1,8.7,24.5,0.7,1.1,1.8,.112,1.0,-0.4,0.6,0.5,,portibo01
99,Nickeil Alexander-Walker,26,MIN,SG,32,2,745,13.2,.645,.571,.157,2.6,10.6,6.7,15.8,1.8,1.1,16.8,16.4,0.9,0.9,1.8,.116,-0.3,0.9,0.6,0.5,,alexani01
100,Mark Williams,23,CHO,C,10,7,183,30.5,.686,.000,.342,12.5,30.5,21.2,22.1,1.6,5.6,6.4,21.6,0.9,0.3,1.2,.306,6.4,2.4,8.8,0.5,,willima07
101,Larry Nance Jr.,32,ATL,PF,15,2,291,19.9,.733,.532,.085,5.8,18.0,11.8,11.8,2.5,3.6,10.1,15.1,0.8,0.4,1.1,.185,3.6,1.2,4.8,0.5,,nancela02
102,Kenrich Williams,30,OKC,PF,22,0,295,19.7,.695,.505,.103,7.2,18.0,12.6,11.0,2.4,1.4,6.5,15.6,0.9,0.7,1.6,.260,2.5,2.0,4.4,0.5,,willike04
103,Joel Embiid,30,PHI,C,11,11,323,24.1,.586,.234,.478,6.1,22.3,13.8,24.5,1.5,3.5,13.9,35.2,0.6,0.4,1.0,.142,3.6,0.3,3.9,0.5,,embiijo01
104,Brandon Miller,22,CHO,SF,23,23,793,14.7,.538,.593,.159,2.7,13.5,7.9,18.6,1.5,2.2,12.5,27.9,0.1,0.6,0.8,.047,1.3,-0.9,0.4,0.5,,millebr02
105,DeMar DeRozan,35,SAC,SF,29,29,1016,17.7,.570,.132,.344,1.9,10.8,6.3,16.5,2.0,1.1,7.8,23.9,1.8,0.8,2.6,.124,0.2,-0.4,-0.2,0.5,,derozde01
106,Jalen Duren,21,DET,C,30,30,747,18.2,.700,.000,.500,13.7,27.6,20.7,13.1,1.0,4.2,22.1,15.0,1.5,1.0,2.5,.159,-0.6,1.0,0.4,0.5,,durenja01
107,Kris Dunn,30,LAC,PG,33,22,785,11.6,.532,.512,.057,3.4,13.3,8.3,16.6,3.6,1.1,15.3,14.0,0.2,1.4,1.6,.098,-2.7,3.0,0.3,0.5,,dunnkr01
108,Miles Bridges,26,CHO,PF,19,19,582,16.8,.531,.445,.226,3.0,24.7,13.5,20.1,0.9,2.1,9.8,25.9,0.5,0.6,1.0,.086,1.6,-0.5,1.1,0.5,,bridgmi02
109,Deni Avdija,24,POR,SF,32,14,858,15.8,.584,.414,.430,5.3,19.0,11.9,17.8,1.6,2.4,16.8,21.4,0.9,0.5,1.4,.077,0.5,-0.4,0.1,0.5,,avdijde01
110,Jabari Smith Jr.,21,HOU,PF,33,33,1021,12.5,.568,.505,.240,5.9,16.2,11.0,4.5,0.6,2.8,8.0,15.2,1.4,1.6,3.0,.141,-0.6,0.3,-0.2,0.4,,smithja05
111,Donte DiVincenzo,28,MIN,SG,32,2,814,11.9,.540,.757,.118,1.8,12.8,7.4,19.8,2.2,0.8,15.0,18.6,0.2,1.2,1.4,.080,-1.0,1.1,0.1,0.4,,divindo01
112,Scotty Pippen Jr.,24,MEM,PG,34,13,764,14.4,.556,.356,.247,3.4,12.3,7.9,29.3,2.1,1.7,18.2,20.5,0.7,1.2,1.9,.119,-0.8,1.1,0.2,0.4,,pippesc02
113,Kristaps Porziņģis,29,BOS,C,11,11,299,22.0,.587,.453,.358,5.4,19.9,12.6,9.3,1.3,4.8,4.5,25.8,0.8,0.5,1.3,.208,3.0,0.7,3.7,0.4,,porzikr01
114,Luke Kennard,28,MEM,SG,22,0,453,13.8,.637,.733,.206,2.8,10.3,6.6,17.7,1.4,0.4,12.3,14.2,1.0,0.5,1.5,.157,1.3,0.5,1.7,0.4,,kennalu01
115,Klay Thompson,34,DAL,SF,29,29,806,13.4,.562,.651,.082,2.5,10.8,6.8,9.6,1.7,1.2,9.4,21.4,0.6,0.8,1.3,.078,1.0,-0.8,0.1,0.4,,thompkl01
116,P.J. Washington,26,DAL,PF,27,26,863,13.4,.554,.396,.247,4.8,19.7,12.5,8.9,1.8,3.1,13.1,17.4,0.4,1.2,1.7,.092,-0.8,0.8,0.0,0.4,,washipj01
117,Mike Conley,37,MIN,PG,28,28,707,12.8,.523,.700,.184,2.3,9.6,6.0,24.6,2.9,0.8,13.2,15.9,0.7,1.0,1.8,.120,-1.3,1.7,0.4,0.4,,conlemi01
118,Paul Reed,25,DET,C,18,0,213,21.6,.647,.231,.323,7.9,15.7,11.8,13.8,5.3,5.8,12.9,17.1,0.5,0.5,0.9,.214,0.9,4.9,5.8,0.4,,reedpa01
119,Paul George,34,PHI,PF,21,21,669,15.3,.525,.446,.221,2.8,18.6,10.3,24.7,2.9,1.6,15.0,24.9,-0.1,0.9,0.8,.059,-0.3,0.8,0.5,0.4,,georgpa01
120,Luguentz Dort,25,OKC,SF,31,31,915,11.5,.552,.671,.136,5.5,10.9,8.3,7.1,1.8,2.6,5.9,13.5,1.0,1.7,2.7,.143,-1.0,0.8,-0.2,0.4,,dortlu01
121,Miles McBride,24,NYK,PG,28,0,687,13.3,.565,.584,.155,3.7,8.5,6.2,15.9,1.8,0.8,9.4,17.0,1.0,0.6,1.6,.113,0.5,-0.2,0.3,0.4,,mcbrimi01
122,Austin Reaves,26,LAL,SG,27,27,932,15.9,.586,.519,.294,2.8,11.3,7.1,24.9,1.5,0.4,13.7,23.0,1.3,0.4,1.7,.086,1.1,-1.3,-0.3,0.4,,reaveau01
123,Naz Reid,25,MIN,C,32,0,790,14.5,.570,.488,.170,3.3,18.9,11.3,10.7,1.4,3.2,10.8,21.6,0.5,1.3,1.7,.105,-0.9,1.0,0.1,0.4,,reidna01
124,Paolo Banchero,22,ORL,PF,5,5,182,25.4,.590,.330,.608,7.4,21.6,14.1,29.0,0.8,2.1,8.2,31.9,0.6,0.3,0.8,.223,5.9,0.8,6.7,0.4,,banchpa01
125,Isaac Okoro,24,CLE,SG,23,16,483,12.4,.650,.570,.196,4.9,6.8,5.9,10.0,1.7,1.9,7.2,11.2,1.0,0.5,1.6,.155,0.3,1.0,1.3,0.4,,okorois01
126,Chris Boucher,32,TOR,PF,31,0,543,17.5,.577,.494,.287,8.0,18.3,13.1,5.8,1.7,3.5,7.6,22.1,0.8,0.4,1.2,.108,1.9,-0.9,1.0,0.4,,bouchch01
127,Jared McCain,20,PHI,SG,23,8,592,15.8,.589,.485,.204,2.4,8.9,5.5,17.6,1.3,0.0,11.0,24.9,0.8,0.3,1.1,.087,2.0,-1.5,0.6,0.4,,mccaija01
128,Sam Hauser,27,BOS,PF,26,4,558,12.8,.592,.838,.012,3.9,12.0,7.9,7.3,1.8,0.8,4.4,14.0,0.9,0.7,1.6,.134,0.5,0.3,0.8,0.4,,hausesa01
129,Nic Claxton,25,BRK,C,27,19,695,15.9,.572,.045,.308,8.7,26.5,17.3,12.6,1.6,4.6,13.3,16.8,0.6,0.8,1.5,.100,-1.0,1.2,0.3,0.4,,claxtni01
130,Jonathan Kuminga,22,GSW,PF,30,10,791,16.2,.527,.271,.399,5.6,14.6,9.9,12.9,1.7,2.2,8.6,27.5,0.4,1.0,1.4,.086,0.2,-0.3,-0.1,0.4,,kuminjo01
131,Kyle Anderson,31,GSW,PF,26,2,378,14.3,.493,.341,.163,4.2,17.5,10.7,21.5,2.5,3.0,9.0,15.9,0.3,0.6,1.0,.122,-0.5,2.4,1.9,0.4,,anderky01
132,Alex Caruso,30,OKC,SG,20,0,398,12.4,.466,.570,.079,3.2,12.0,7.6,15.6,4.6,3.1,11.3,14.2,0.0,1.0,1.0,.125,-2.8,4.5,1.7,0.4,,carusal01
133,Cam Thomas,23,BRK,SG,18,17,592,18.3,.603,.422,.390,1.4,11.1,6.1,19.1,1.0,0.2,11.9,31.4,0.8,0.2,1.0,.080,2.7,-2.3,0.4,0.4,,thomaca02
134,Jamal Murray,27,DEN,PG,26,26,954,16.0,.553,.365,.258,1.6,10.4,6.2,23.0,2.0,1.7,11.4,23.2,1.1,0.7,1.8,.092,0.4,-0.9,-0.6,0.4,,murraja01
135,Jeremy Sochan,21,SAS,PF,20,17,585,16.8,.582,.163,.337,10.1,19.9,15.1,14.6,1.5,2.0,13.7,20.3,0.8,0.7,1.5,.120,0.0,0.4,0.4,0.4,,sochaje01
136,Guerschon Yabusele,29,PHI,PF,31,11,740,14.7,.621,.534,.251,7.5,17.7,12.3,11.8,1.5,1.8,14.1,16.8,1.1,0.7,1.8,.116,0.1,-0.2,-0.1,0.4,,yabusgu01
137,Kentavious Caldwell-Pope,31,ORL,SG,34,34,1054,10.0,.548,.640,.202,1.2,6.8,3.8,9.3,2.6,2.0,9.1,12.7,0.6,1.7,2.3,.105,-3.1,2.4,-0.7,0.3,,caldwke01
138,Quentin Grimes,24,DAL,SG,32,10,701,13.6,.608,.564,.247,4.0,15.6,10.0,10.5,1.4,1.1,13.1,17.7,0.9,0.7,1.6,.108,0.4,-0.5,-0.1,0.3,,grimequ01
139,Malik Monk,26,SAC,SG,27,14,814,15.1,.561,.513,.211,1.0,12.7,6.8,23.4,1.3,1.8,11.9,23.0,0.9,0.6,1.5,.091,0.6,-0.9,-0.3,0.3,,monkma01
140,Onyeka Okongwu,24,ATL,C,27,0,636,17.9,.616,.207,.336,11.0,19.0,14.9,8.3,1.5,2.8,7.8,17.2,1.5,0.6,2.1,.156,0.4,-0.3,0.0,0.3,,okongon01
141,Zach Edey,22,MEM,C,20,14,438,19.9,.644,.136,.305,18.0,19.8,19.0,6.6,1.7,4.8,15.5,18.6,0.9,0.8,1.7,.190,0.5,0.5,1.0,0.3,,edeyza01
142,Jaden Ivey,22,DET,SG,30,30,898,15.3,.569,.373,.281,5.0,10.4,7.7,20.7,1.5,1.2,16.1,26.3,0.5,0.6,1.1,.058,0.7,-1.3,-0.6,0.3,,iveyja01
143,Derrick Jones Jr.,27,LAC,SF,31,31,767,13.1,.593,.374,.148,5.2,9.6,7.4,5.7,2.6,1.4,10.7,16.3,0.7,1.1,1.8,.110,-1.3,1.0,-0.3,0.3,,jonesde02
144,Aaron Wiggins,26,OKC,SG,32,9,632,13.8,.558,.475,.098,4.5,12.4,8.5,9.2,2.2,1.3,9.6,19.0,0.4,1.2,1.6,.123,-0.3,0.3,0.0,0.3,,wiggiaa01
145,Aaron Gordon,29,DEN,PF,17,16,489,16.1,.635,.323,.419,7.5,14.3,11.0,13.9,0.8,0.5,11.1,17.8,1.2,0.2,1.4,.136,1.9,-1.2,0.7,0.3,,gordoaa01
146,Cameron Payne,30,NYK,PG,28,1,444,15.1,.562,.609,.095,2.2,9.1,5.8,24.2,2.0,1.7,9.3,19.2,0.8,0.4,1.3,.140,0.6,0.3,0.8,0.3,,payneca01
147,Brandon Clarke,28,MEM,PF,31,17,569,15.7,.615,.094,.182,9.7,18.8,14.4,7.2,1.9,2.4,8.0,13.9,1.1,1.0,2.1,.175,-1.1,1.3,0.2,0.3,,clarkbr01
148,Nikola Jović,21,MIA,PF,22,9,456,14.3,.601,.529,.353,2.7,16.9,9.9,13.2,2.0,0.4,10.3,16.9,0.7,0.6,1.3,.132,0.0,0.7,0.7,0.3,,jovicni01
149,Christian Braun,23,DEN,SG,31,31,1044,14.4,.647,.258,.304,4.1,11.2,7.7,8.1,1.8,1.5,9.6,15.1,1.9,0.7,2.6,.119,-0.3,-0.5,-0.8,0.3,,braunch01
150,Isaiah Stewart,23,DET,C,29,3,617,14.2,.617,.202,.282,10.9,20.4,15.7,11.5,1.0,5.4,17.2,11.7,1.0,0.7,1.7,.135,-1.6,1.7,0.0,0.3,,stewais01
151,Robert Williams,27,POR,C,11,1,182,22.9,.770,.070,.302,10.4,22.5,16.2,10.0,2.1,8.3,15.6,13.2,0.5,0.2,0.8,.200,2.2,2.3,4.6,0.3,,williro04
152,Jalen Green,22,HOU,SG,33,33,1078,13.3,.528,.457,.245,1.6,12.8,7.1,12.0,1.5,0.7,11.8,26.2,0.2,1.7,1.8,.081,-0.6,-0.3,-0.9,0.3,,greenja05
153,Spencer Dinwiddie,31,DAL,PG,32,5,726,13.4,.554,.542,.410,0.9,8.8,5.0,19.1,1.8,1.0,10.1,17.5,1.1,0.6,1.8,.118,-0.4,0.0,-0.4,0.3,,dinwisp01
154,Dalano Banton,25,POR,PG,25,0,413,15.4,.525,.431,.277,2.3,13.0,7.4,25.7,2.6,3.0,15.9,27.1,-0.1,0.3,0.2,.018,1.1,-0.3,0.8,0.3,,bantoda01
155,Naji Marshall,27,DAL,SF,26,8,604,15.1,.609,.294,.196,4.5,10.6,7.6,13.6,1.8,0.3,13.1,18.9,0.9,0.5,1.4,.113,0.0,-0.1,-0.1,0.3,,marshna01
156,John Konchar,28,MEM,SG,19,2,273,12.3,.578,.729,.104,8.2,20.0,14.3,10.2,2.2,3.3,15.2,8.6,0.3,0.5,0.9,.151,-0.5,2.7,2.2,0.3,,konchjo01
157,Dwight Powell,33,DAL,C,27,0,216,15.1,.805,.067,1.867,8.3,15.6,12.1,11.2,2.2,6.1,18.0,6.6,0.6,0.4,0.9,.204,-0.5,3.7,3.3,0.3,,poweldw01
158,Buddy Hield,32,GSW,SG,32,6,730,13.2,.579,.682,.077,2.7,12.9,7.7,8.2,1.7,1.2,10.3,22.1,0.3,0.8,1.2,.078,0.1,-0.5,-0.4,0.3,,hieldbu01
159,Alec Burks,33,MIA,SG,17,0,293,14.3,.643,.701,.299,2.3,10.4,6.4,9.8,1.9,1.3,5.4,13.8,0.6,0.3,0.9,.152,0.8,1.1,1.9,0.3,,burksal01
160,Dru Smith,27,MIA,SG,14,1,268,13.7,.659,.492,.213,5.0,9.7,7.4,12.3,3.9,2.2,20.3,13.7,0.3,0.4,0.7,.127,-1.0,3.2,2.2,0.3,,smithdr01
161,Julian Champagnie,23,SAS,SF,33,26,923,12.5,.590,.730,.132,2.8,15.0,9.0,7.1,1.5,1.8,9.6,17.4,0.6,0.9,1.6,.083,-0.3,-0.6,-0.8,0.3,,champju02
162,Dorian Finney-Smith,31,2TM,PF,21,20,599,12.1,.605,.675,.147,6.4,12.2,9.2,8.2,1.5,2.0,9.4,14.2,0.7,0.3,1.1,.087,0.0,-0.3,-0.3,0.3,,finnedo01
163,Gary Payton II,32,GSW,SG,28,4,368,15.2,.577,.302,.142,9.0,13.1,11.0,13.4,2.6,2.6,11.1,14.3,0.5,0.6,1.1,.143,-1.2,1.9,0.7,0.3,,paytoga02
164,Wendell Carter Jr.,25,ORL,C,22,19,552,13.5,.541,.336,.435,7.3,27.1,16.7,12.5,1.4,2.5,9.8,13.6,0.6,1.0,1.7,.146,-1.9,1.7,-0.2,0.3,,cartewe01
165,Brandon Ingram,27,NOP,SF,18,18,595,16.6,.560,.345,.165,3.0,16.0,9.2,27.8,1.3,1.7,16.2,30.2,0.0,0.1,0.1,.007,1.7,-2.0,-0.4,0.2,,ingrabr01
166,Garrison Mathews,28,ATL,SG,25,2,473,13.9,.680,.838,.352,1.3,6.9,4.1,11.0,1.7,1.6,8.9,15.4,1.1,0.2,1.3,.133,0.6,-0.6,0.0,0.2,,mathega01
167,Clint Capela,30,ATL,C,34,34,780,18.0,.580,.000,.261,15.4,27.3,21.3,8.0,1.3,3.9,10.0,16.0,1.4,0.9,2.3,.140,-0.1,-0.6,-0.8,0.2,,capelca01
168,Dillon Brooks,29,HOU,SF,30,30,965,11.2,.556,.517,.154,4.2,9.0,6.5,6.8,1.1,0.8,8.0,17.6,1.1,1.3,2.4,.120,-1.1,0.0,-1.1,0.2,,brookdi01
169,Nicolas Batum,36,LAC,PF,33,1,606,8.9,.564,.816,.133,4.2,13.1,8.7,11.2,1.5,2.3,15.5,8.7,0.5,0.8,1.2,.097,-1.8,1.3,-0.5,0.2,,batumni01
170,Justin Champagnie,23,WAS,SF,14,11,356,16.7,.652,.464,.136,9.0,18.2,13.6,6.3,2.2,3.1,12.1,15.5,0.5,0.3,0.8,.110,0.2,0.4,0.6,0.2,,champju01
171,Khris Middleton,33,MIL,SF,10,5,236,17.4,.580,.383,.252,1.9,17.5,9.9,35.8,1.8,0.8,17.9,26.9,0.3,0.3,0.6,.113,1.0,0.8,1.8,0.2,,middlkh01
172,Marcus Sasser,24,DET,PG,22,0,289,15.7,.635,.485,.061,3.1,4.6,3.9,19.5,3.2,1.0,15.0,17.7,0.5,0.3,0.7,.120,0.1,0.9,1.0,0.2,,sassema01
173,Jamison Battle,23,TOR,SF,31,0,420,13.2,.645,.739,.101,4.9,10.5,7.7,10.1,0.5,0.9,7.7,15.4,0.9,0.0,0.9,.097,1.9,-1.8,0.1,0.2,,battlja01
174,Lonzo Ball,27,CHI,PG,15,0,278,12.5,.480,.835,.127,2.3,16.8,9.6,24.8,3.3,2.5,16.1,14.9,0.1,0.4,0.4,.072,-1.8,2.9,1.1,0.2,,balllo01
175,Jonathan Isaac,27,ORL,PF,29,0,482,14.8,.492,.510,.252,11.4,21.4,16.1,3.4,2.6,7.3,8.7,16.5,0.1,1.1,1.3,.126,-1.9,1.7,-0.2,0.2,,isaacjo01
176,Tobias Harris,32,DET,PF,31,31,981,12.9,.536,.377,.199,3.5,18.9,11.2,10.6,1.1,2.6,8.4,17.7,0.7,0.9,1.7,.081,-1.1,0.0,-1.1,0.2,,harrito02
177,Ben Simmons,28,BRK,PG,26,20,653,12.4,.562,.000,.165,4.1,21.1,12.4,40.1,1.7,1.9,34.9,14.2,0.3,0.6,0.8,.060,-2.0,1.3,-0.7,0.2,,simmobe01
178,Amir Coffey,27,LAC,SG,32,8,786,12.1,.632,.515,.225,2.3,9.5,5.9,6.7,1.1,0.4,7.6,15.1,1.3,0.7,2.0,.121,-0.6,-0.3,-0.9,0.2,,coffeam01
179,Kevon Looney,28,GSW,C,28,5,442,17.6,.523,.000,.366,19.7,25.9,22.7,14.9,2.2,1.3,11.6,13.8,0.9,0.8,1.7,.180,-0.6,0.4,-0.2,0.2,,looneke01
180,Sandro Mamukelashvili,25,SAS,PF,21,0,193,17.5,.701,.678,.254,6.8,25.6,16.4,6.2,0.8,2.8,12.1,16.6,0.4,0.2,0.6,.154,2.3,-0.2,2.0,0.2,,mamuksa01
181,Bones Hyland,24,LAC,PG,13,0,154,16.7,.572,.699,.241,2.2,8.0,5.1,16.8,3.5,2.6,14.8,30.2,0.0,0.3,0.3,.088,2.2,0.7,3.0,0.2,,hylanbo01
182,Josh Minott,22,MIN,SF,19,0,143,17.0,.624,.422,.156,4.0,16.2,10.2,13.1,3.1,3.3,9.4,16.2,0.2,0.3,0.5,.175,-0.4,3.6,3.2,0.2,,minotjo01
183,Cody Martin,29,CHO,SF,30,7,779,12.1,.535,.493,.167,4.4,15.3,9.7,13.1,2.2,2.7,12.5,14.7,0.4,0.8,1.3,.077,-1.9,0.9,-1.0,0.2,,martico01
184,Zach Collins,27,SAS,C,26,4,365,14.9,.581,.351,.315,9.3,15.3,12.3,18.3,1.6,3.0,14.8,17.5,0.6,0.4,1.0,.133,-1.2,1.2,0.0,0.2,,colliza01
185,Ochai Agbaji,24,TOR,SG,34,32,1024,11.6,.604,.457,.093,3.4,10.9,7.1,8.6,1.4,1.7,8.8,13.9,1.2,0.3,1.5,.068,-0.8,-0.4,-1.3,0.2,,agbajoc01
186,Isaiah Joe,25,OKC,SG,30,10,612,11.3,.536,.785,.076,2.6,10.7,6.7,9.1,1.7,1.0,5.7,17.0,0.4,1.0,1.4,.113,-0.9,0.0,-0.9,0.2,,joeis01
187,Ryan Rollins,22,MIL,PG,17,4,189,14.6,.585,.459,.148,3.0,14.0,8.6,13.5,4.4,4.0,19.8,18.8,0.0,0.4,0.3,.087,-2.3,3.9,1.6,0.2,,rolliry01
188,Marcus Smart,30,MEM,PG,18,6,382,12.3,.523,.613,.254,3.9,7.4,5.7,22.6,2.7,1.4,17.7,19.8,0.1,0.6,0.7,.091,-1.0,0.8,-0.2,0.2,,smartma01
189,Thomas Bryant,27,2TM,C,18,0,204,17.7,.652,.536,.250,8.4,23.0,15.8,4.9,1.2,5.6,6.0,14.2,0.5,0.3,0.8,.180,0.8,0.5,1.3,0.2,,bryanth01
190,Tyrese Martin,25,BRK,SG,17,2,286,13.9,.595,.677,.115,5.7,17.9,11.6,13.1,1.4,1.1,11.4,17.6,0.3,0.2,0.5,.086,1.0,-0.8,0.2,0.2,,martity01
191,CJ McCollum,33,NOP,PG,21,21,709,16.2,.538,.434,.170,2.4,10.5,6.2,21.2,1.5,1.3,8.1,27.0,0.6,0.0,0.6,.042,1.2,-2.3,-1.1,0.2,,mccolcj01
192,Aaron Holiday,28,HOU,PG,22,0,210,13.6,.626,.667,.206,0.0,9.6,4.7,17.2,1.2,0.9,8.0,14.6,0.5,0.3,0.8,.179,0.1,0.9,1.0,0.2,,holidaa01
193,Jalen Smith,24,CHI,C,30,1,461,17.4,.585,.538,.236,9.2,27.5,18.4,6.7,1.1,4.1,8.2,19.8,0.7,0.5,1.2,.122,0.2,-0.9,-0.6,0.2,,smithja04
194,Sam Merrill,28,CLE,SG,29,2,557,10.3,.564,.873,.104,2.2,8.0,5.2,10.3,1.5,1.1,7.2,15.1,0.6,0.6,1.2,.102,-1.0,0.1,-0.9,0.2,,merrisa01
195,Neemias Queta,25,BOS,C,27,5,426,16.1,.668,.021,.313,11.6,19.3,15.4,5.8,0.9,5.2,14.2,12.8,0.9,0.7,1.6,.182,-1.6,1.1,-0.5,0.2,,quetane01
196,Josh Okogie,26,PHO,SG,20,1,313,15.4,.575,.371,.267,10.5,11.9,11.2,4.8,3.0,2.4,12.0,18.8,0.2,0.3,0.5,.082,0.1,-0.1,-0.1,0.2,,okogijo01
197,Shake Milton,28,2TM,SG,28,1,502,13.2,.584,.472,.205,3.7,8.9,6.3,19.9,1.5,0.2,10.2,17.2,0.8,0.2,1.0,.091,-0.4,-0.5,-0.8,0.2,,miltosh01
198,Ayo Dosunmu,25,CHI,SG,30,17,924,13.4,.582,.417,.180,2.1,11.2,6.7,21.4,1.2,1.3,11.0,16.4,1.3,0.4,1.8,.092,-0.9,-0.5,-1.4,0.1,,dosunay01
199,Myles Turner,28,IND,C,32,32,1003,14.6,.600,.443,.263,5.2,20.2,12.9,7.2,1.2,6.0,15.7,20.4,0.2,1.0,1.2,.058,-1.3,-0.2,-1.4,0.1,,turnemy01
200,Mason Plumlee,34,PHO,C,31,9,544,14.2,.609,.012,.647,10.2,28.6,19.5,14.2,0.9,4.1,19.2,11.0,0.9,0.6,1.4,.127,-1.8,0.9,-0.9,0.1,,plumlma01
201,Cam Whitmore,20,HOU,SF,15,0,198,17.3,.544,.425,.221,5.2,14.4,9.7,6.8,1.5,0.9,7.5,27.9,0.2,0.3,0.5,.123,1.3,-0.5,0.7,0.1,,whitmca01
202,Malcolm Brogdon,32,WAS,PG,16,12,408,16.3,.561,.254,.350,4.1,13.0,8.5,24.1,1.1,1.1,12.4,23.7,0.5,0.1,0.5,.064,0.5,-1.2,-0.7,0.1,,brogdma01
203,Harrison Barnes,32,SAS,PF,33,33,912,12.7,.626,.465,.366,6.1,8.8,7.5,7.5,0.5,0.6,7.2,14.3,1.7,0.4,2.2,.113,0.3,-1.8,-1.5,0.1,,barneha02
204,Brandon Boston Jr.,23,NOP,SG,31,10,781,14.1,.548,.368,.217,2.5,12.5,7.3,16.3,2.8,0.8,11.4,19.9,0.5,0.3,0.8,.050,-1.3,0.0,-1.4,0.1,,bostobr01
205,Duncan Robinson,30,MIA,SF,29,18,684,12.7,.568,.696,.079,1.6,9.5,5.6,16.7,1.2,0.4,8.2,20.3,0.7,0.6,1.2,.087,-0.1,-1.2,-1.3,0.1,,robindu01
206,JT Thor,22,CLE,PF,5,0,25,39.8,.989,.400,.600,4.5,12.8,8.8,0.0,3.8,10.9,13.7,25.2,0.1,0.1,0.2,.407,10.0,6.2,16.3,0.1,,thorjt01
207,Devin Vassell,24,SAS,SG,18,7,496,14.8,.558,.448,.170,2.9,8.9,5.9,16.5,2.0,1.3,9.5,23.6,0.4,0.4,0.8,.077,-0.4,-0.7,-1.0,0.1,,vassede01
208,Collin Sexton,26,UTA,SG,32,30,911,16.2,.614,.348,.254,3.5,6.8,5.2,22.6,1.3,0.3,15.4,25.1,1.5,-0.2,1.3,.068,1.1,-2.6,-1.5,0.1,,sextoco01
209,Jaylin Williams,22,OKC,PF,5,0,60,16.0,.605,.895,.000,5.3,12.2,8.7,24.0,1.6,1.7,9.5,14.9,0.2,0.1,0.3,.211,3.3,2.3,5.5,0.1,,willija07
210,Kevin Love,36,MIA,PF,16,5,183,17.1,.478,.549,.209,10.3,32.7,21.6,16.3,3.5,1.1,11.6,27.0,-0.1,0.4,0.3,.080,-0.2,0.5,0.3,0.1,,loveke01
211,Brandin Podziemski,21,GSW,SG,30,8,725,11.5,.491,.457,.130,4.3,15.3,9.6,18.4,1.9,0.9,11.0,15.7,0.3,0.9,1.3,.084,-2.3,0.9,-1.4,0.1,,podzibr01
212,Grayson Allen,29,PHO,SG,23,1,550,13.2,.585,.727,.273,3.3,11.5,7.5,11.0,1.8,1.2,10.5,18.3,0.6,0.3,0.9,.076,0.0,-1.2,-1.2,0.1,,allengr01
213,Wendell Moore Jr.,23,DET,SG,13,0,183,14.6,.615,.268,.341,6.7,18.9,12.8,13.3,2.1,1.6,14.5,12.9,0.3,0.2,0.5,.135,-0.8,1.3,0.5,0.1,,moorewe01
214,Alex Len,31,SAC,C,26,3,189,13.4,.515,.118,.324,10.1,19.7,14.9,16.1,1.0,7.4,15.3,10.4,0.2,0.2,0.5,.122,-2.0,2.2,0.2,0.1,,lenal01
215,Talen Horton-Tucker,24,CHI,SG,28,0,353,15.3,.577,.449,.268,3.9,13.2,8.6,17.2,1.6,2.0,9.4,20.1,0.5,0.2,0.7,.096,-0.1,-0.7,-0.8,0.1,,hortota01
216,Torrey Craig,34,CHI,SF,9,1,113,17.3,.663,.778,.089,7.5,15.6,11.6,6.4,0.8,0.8,0.0,17.2,0.3,0.1,0.4,.163,3.6,-1.4,2.1,0.1,,craigto01
217,Craig Porter Jr.,24,CLE,PG,19,0,168,12.0,.628,.306,.139,1.3,9.5,5.5,17.5,1.4,3.2,19.1,12.1,0.2,0.2,0.4,.113,-0.7,1.2,0.4,0.1,,portecr01
218,Landry Shamet,27,NYK,SG,5,0,40,19.7,.773,.364,.000,0.0,8.2,4.3,6.8,4.9,0.0,0.0,12.1,0.1,0.1,0.2,.217,3.0,5.0,8.0,0.1,,shamela01
219,Jose Alvarado,26,NOP,PG,11,7,282,14.2,.544,.594,.168,2.2,7.3,4.7,25.5,2.9,1.0,11.4,18.3,0.4,0.1,0.4,.074,-0.2,-0.5,-0.7,0.1,,alvarjo01
220,Jonathan Mogbo,23,TOR,PF,34,6,566,13.2,.520,.163,.313,11.9,16.6,14.2,13.2,2.2,2.7,15.6,14.5,0.4,0.4,0.9,.074,-1.8,0.4,-1.4,0.1,,mogbojo01
221,Drew Eubanks,27,UTA,C,24,0,320,15.5,.641,.053,.408,9.1,22.6,15.9,12.1,0.8,4.3,16.7,14.1,0.5,0.1,0.6,.095,-1.0,0.0,-0.9,0.1,,eubandr01
222,Tre Jones,25,SAS,PG,15,0,250,12.2,.505,.341,.386,3.5,10.1,6.9,31.1,1.9,1.4,17.6,10.7,0.4,0.2,0.6,.115,-2.1,1.5,-0.7,0.1,,jonestr01
223,Kel'el Ware,20,MIA,C,16,0,154,16.6,.614,.245,.143,5.8,24.7,15.3,5.1,1.9,6.3,11.8,16.9,0.1,0.3,0.4,.128,-1.2,1.3,0.2,0.1,,wareke01
224,A.J. Green,25,MIL,SG,30,4,649,10.4,.656,.890,.052,1.0,10.1,5.7,8.4,1.1,0.6,9.7,13.2,0.8,0.5,1.3,.096,-1.1,-0.4,-1.5,0.1,,greenaj01
225,Trevelin Queen,27,ORL,SG,8,2,128,10.8,.672,.516,.129,1.7,5.8,3.7,11.7,3.1,2.3,23.4,14.5,0.0,0.2,0.3,.100,-2.6,3.2,0.6,0.1,,queentr01
226,Ajay Mitchell,22,OKC,SG,32,1,523,12.5,.600,.312,.175,3.2,9.6,6.4,13.8,2.2,0.6,13.6,15.6,0.6,0.9,1.5,.137,-2.4,1.0,-1.4,0.1,,mitchaj01
227,Terance Mann,28,LAC,SG,23,11,484,10.9,.520,.367,.188,5.5,10.9,8.2,11.6,2.2,1.0,8.6,13.5,0.4,0.6,1.0,.101,-2.6,1.2,-1.3,0.1,,mannte01
228,Rui Hachimura,26,LAL,PF,27,27,901,12.7,.592,.375,.219,5.8,12.3,9.1,6.4,1.4,1.8,8.5,14.9,1.1,0.5,1.6,.085,-0.8,-0.8,-1.6,0.1,,hachiru01
229,Steven Adams,31,HOU,C,20,0,206,13.1,.567,.000,.794,17.0,23.1,20.0,14.1,1.2,1.8,31.4,13.4,0.0,0.4,0.4,.097,-1.8,1.2,-0.6,0.1,,adamsst01
230,Dariq Whitehead,20,BRK,SF,4,0,28,22.0,.818,.909,.000,0.0,13.0,6.4,6.2,5.3,3.7,21.4,22.1,0.0,0.0,0.1,.102,5.5,3.1,8.6,0.1,,whiteda01
231,Kelly Oubre Jr.,29,PHI,SF,30,27,973,12.5,.540,.399,.223,5.3,15.4,10.1,7.4,2.1,1.7,9.7,17.7,0.4,1.0,1.5,.073,-1.7,-0.1,-1.8,0.1,,oubreke01
232,Kai Jones,24,LAC,C,21,0,171,13.3,.687,.077,.462,8.5,16.4,12.4,7.2,1.7,5.8,20.4,9.9,0.2,0.3,0.5,.146,-2.6,2.2,-0.4,0.1,,joneska01
233,Pat Spencer,28,GSW,PG,10,0,49,15.7,.391,.176,.118,8.2,13.1,10.6,39.3,5.9,0.0,18.3,18.6,0.0,0.1,0.1,.095,-2.6,5.8,3.1,0.1,,spencpa01
234,Bradley Beal,31,PHO,SG,22,22,734,14.7,.585,.396,.156,2.5,9.8,6.2,15.1,1.7,2.0,12.5,23.5,0.4,0.4,0.7,.049,-0.5,-1.1,-1.6,0.1,,bealbr01
235,Kelly Olynyk,33,TOR,C,11,1,173,14.2,.589,.383,.300,6.9,23.0,14.9,19.6,2.5,1.7,21.9,20.8,0.1,0.2,0.2,.066,-1.4,0.8,-0.5,0.1,,olynyke01
236,Jarace Walker,21,IND,PF,34,1,605,11.3,.572,.544,.254,2.5,18.4,10.6,10.9,2.9,1.7,18.6,16.6,-0.2,0.6,0.5,.037,-2.3,0.6,-1.6,0.1,,walkeja02
237,Grant Williams,26,CHO,PF,16,7,479,11.8,.596,.602,.301,3.9,14.9,9.2,11.4,1.8,2.8,16.7,14.8,0.4,0.5,0.8,.083,-2.0,0.5,-1.5,0.1,,willigr01
238,Precious Achiuwa,25,NYK,PF,13,1,247,14.4,.542,.203,.288,12.6,25.7,19.4,7.7,1.8,4.3,16.4,14.1,0.2,0.4,0.6,.116,-1.4,0.3,-1.1,0.1,,achiupr01
239,Chris Duarte,27,CHI,SG,13,0,54,19.2,.659,.600,.400,7.8,23.1,15.5,13.1,0.0,0.0,4.1,18.9,0.2,0.0,0.2,.190,3.6,-1.3,2.3,0.1,,duartch01
240,DaQuan Jeffries,27,CHO,SG,8,0,152,13.2,.642,.444,.089,4.1,12.5,8.1,5.2,1.6,3.3,11.4,14.7,0.2,0.1,0.3,.097,-0.8,0.3,-0.5,0.1,,jeffrda01
241,Jordan Clarkson,32,UTA,SG,21,3,560,15.1,.539,.418,.316,2.8,11.7,7.3,24.4,1.6,1.2,14.5,28.5,0.2,0.0,0.3,.023,0.5,-2.1,-1.6,0.1,,clarkjo01
242,KJ Martin,24,PHI,PF,24,7,480,12.7,.689,.212,.293,4.8,13.0,8.7,6.0,1.1,3.5,9.7,11.3,0.9,0.4,1.3,.132,-1.9,0.4,-1.5,0.1,,martike04
243,Georges Niang,31,CLE,PF,33,1,681,11.4,.601,.644,.071,4.0,16.8,10.5,9.2,0.8,0.7,11.8,16.6,0.7,0.7,1.4,.099,-1.1,-0.5,-1.7,0.1,,niangge01
244,Jae'Sean Tate,29,HOU,SF,16,0,139,14.3,.566,.190,.405,5.9,21.3,13.5,12.2,3.5,0.0,13.9,17.0,0.1,0.3,0.5,.161,-3.6,3.1,-0.4,0.1,,tateja01
245,Micah Potter,26,UTA,C,9,2,163,11.3,.600,.833,.000,9.7,21.5,15.6,10.0,0.6,2.3,16.7,9.3,0.2,0.0,0.2,.068,-0.2,-0.5,-0.7,0.1,,pottemi01
246,Marvin Bagley III,25,WAS,C,19,1,166,20.1,.573,.141,.324,16.9,18.2,17.5,6.9,2.0,2.7,11.9,23.0,0.2,0.1,0.3,.092,1.2,-1.9,-0.7,0.1,,baglema01
247,Immanuel Quickley,25,TOR,PG,4,4,100,18.2,.526,.397,.224,1.1,9.9,5.5,42.5,1.0,0.0,7.3,28.5,0.3,0.0,0.3,.124,2.9,-2.8,0.1,0.1,,quickim01
248,Haywood Highsmith,28,MIA,SF,29,22,724,10.0,.615,.583,.122,3.8,10.4,7.1,6.0,2.1,2.4,14.1,11.6,0.4,0.9,1.3,.086,-2.5,0.8,-1.7,0.1,,highsha01
249,Tyler Smith,20,MIL,PF,11,0,38,18.8,.739,.571,.143,3.0,25.1,14.3,4.3,0.0,7.4,16.8,20.6,0.0,0.1,0.1,.120,1.6,1.7,3.2,0.1,,smithty02
250,Isaiah Jackson,23,IND,C,5,1,84,18.7,.600,.000,.609,15.1,22.3,18.8,8.3,1.7,8.9,14.6,17.7,0.1,0.1,0.2,.143,-1.0,1.4,0.4,0.0,,jacksis01
251,Johnny Davis,22,WAS,SG,22,0,189,12.2,.509,.344,.180,3.8,13.8,8.8,6.9,3.0,2.9,5.7,15.3,0.0,0.1,0.2,.047,-2.2,1.2,-1.0,0.0,,davisjo06
252,Jevon Carter,29,CHI,PG,16,0,107,15.2,.599,.689,.089,2.0,11.6,6.8,18.6,2.2,0.0,11.4,20.5,0.1,0.1,0.2,.082,1.0,-1.2,-0.2,0.0,,carteje01
253,D'Angelo Russell,28,2TM,PG,30,10,789,13.8,.547,.537,.170,1.2,10.5,5.9,27.8,1.5,0.7,13.2,22.3,0.5,0.4,0.9,.055,-0.3,-1.5,-1.8,0.0,,russeda01
254,Peyton Watson,22,DEN,SF,32,12,769,12.4,.589,.325,.311,4.5,10.1,7.4,7.3,1.6,3.5,9.7,14.6,0.9,0.6,1.5,.091,-1.4,-0.3,-1.8,0.0,,watsope01
255,Trey Lyles,29,SAC,PF,24,2,491,11.0,.548,.721,.184,5.0,18.1,11.6,5.5,1.4,2.2,8.7,14.1,0.3,0.5,0.8,.080,-0.9,-0.8,-1.7,0.0,,lylestr01
256,Deandre Ayton,26,POR,C,23,23,702,17.8,.584,.090,.101,10.4,26.8,18.2,7.8,1.4,3.2,12.4,19.5,0.7,0.6,1.3,.089,-0.4,-1.3,-1.7,0.0,,aytonde01
257,Jaden McDaniels,24,MIN,PF,32,32,949,10.3,.509,.415,.115,5.5,11.7,8.7,8.0,2.2,2.4,10.4,15.5,0.0,1.4,1.5,.075,-3.2,1.3,-1.8,0.0,,mcdanja02
258,DeAndre Jordan,36,DEN,C,20,0,214,14.5,.631,.000,.289,9.6,30.7,20.6,11.2,1.3,4.2,21.6,12.7,0.2,0.3,0.5,.107,-2.1,0.9,-1.2,0.0,,jordade01
259,Monte Morris,29,PHO,PG,27,0,366,13.6,.533,.444,.274,2.5,10.5,6.5,19.5,1.9,0.8,8.6,18.3,0.4,0.2,0.6,.076,-1.0,-0.6,-1.5,0.0,,morrimo01
260,Kyle Lowry,38,PHI,PG,23,11,463,9.3,.521,.759,.277,1.7,9.2,5.3,19.0,2.4,1.8,15.4,10.5,0.3,0.4,0.7,.077,-3.0,1.5,-1.6,0.0,,lowryky01
261,Reggie Jackson,34,PHI,PG,16,0,192,11.6,.526,.621,.034,2.3,10.8,6.3,22.6,1.8,1.6,12.0,15.3,0.1,0.2,0.3,.077,-0.9,-0.2,-1.1,0.0,,jacksre01
262,Alondes Williams,25,DET,SG,1,0,4,55.4,1.250,.500,.000,0.0,0.0,0.0,70.8,0.0,0.0,0.0,21.4,0.0,0.0,0.0,.559,38.1,5.9,44.0,0.0,,willial06
263,Jalen Pickett,25,DEN,SG,8,0,79,13.2,.619,.667,.000,1.5,10.7,6.3,33.0,0.6,1.1,19.2,13.8,0.2,0.0,0.2,.114,0.6,-0.5,0.2,0.0,,pickeja02
264,Cory Joseph,33,ORL,PG,20,0,122,9.3,.441,.676,.000,4.6,15.1,9.6,15.2,2.8,1.6,12.8,13.9,-0.1,0.2,0.2,.068,-3.1,2.4,-0.7,0.0,,josepco01
265,Drew Peterson,25,BOS,PF,10,0,104,10.8,.650,.800,.350,5.2,17.7,11.4,8.6,0.9,1.7,17.8,11.6,0.1,0.1,0.3,.126,-1.7,1.3,-0.4,0.0,,peterdr01
266,Bruno Fernando,26,TOR,C,17,2,147,15.5,.552,.000,.163,15.5,22.6,19.0,17.8,1.3,5.8,21.0,18.8,0.1,0.1,0.2,.070,-2.6,1.7,-0.9,0.0,,fernabr01
267,Zion Williamson,24,NOP,PF,6,6,186,19.7,.521,.058,.577,9.0,19.7,14.1,30.2,1.0,3.5,14.4,34.5,0.0,0.1,0.1,.024,0.5,-1.6,-1.2,0.0,,willizi01
268,Jeenathan Williams,25,HOU,SG,3,0,10,31.8,.875,.500,.000,0.0,31.7,15.7,0.0,4.8,0.0,0.0,16.5,0.0,0.0,0.1,.353,5.6,7.3,12.9,0.0,,willije02
269,Charles Bassey,24,SAS,C,22,0,229,19.9,.583,.000,.316,16.2,27.1,21.7,7.6,1.5,8.6,15.1,19.9,0.2,0.4,0.7,.144,-2.0,0.6,-1.4,0.0,,bassech01
270,David Roddy,23,ATL,PF,18,1,241,12.0,.685,.517,.217,2.2,17.7,9.8,11.6,1.3,1.2,20.6,13.9,0.2,0.2,0.4,.073,-1.0,-0.4,-1.4,0.0,,roddyda01
271,De'Anthony Melton,26,GSW,SG,6,2,121,13.5,.539,.648,.148,5.0,12.4,8.5,21.1,2.8,1.6,14.8,23.2,0.0,0.2,0.2,.081,-1.5,0.5,-1.0,0.0,,meltode01
272,Jaxson Hayes,24,LAL,C,11,1,192,17.1,.759,.000,.639,12.4,16.9,14.7,6.6,1.0,4.3,14.8,12.3,0.6,0.2,0.7,.182,-1.2,-0.2,-1.4,0.0,,hayesja02
273,TyTy Washington Jr.,23,PHO,PG,3,0,27,14.1,.667,.500,.000,0.0,4.1,2.1,20.7,3.7,0.0,14.3,11.4,0.0,0.0,0.1,.113,0.0,1.8,1.8,0.0,,washity02
274,Leonard Miller,21,MIN,SF,1,0,2,65.9,1.136,,,0.0,0.0,0.0,0.0,24.6,0.0,0.0,19.2,0.0,0.0,0.0,1.063,23.9,32.5,56.4,0.0,,millele01
275,E.J. Liddell,24,CHI,PF,6,0,31,15.4,.845,.750,.250,3.4,13.4,8.4,13.3,1.5,2.8,18.4,14.6,0.1,0.0,0.1,.171,0.0,0.6,0.7,0.0,,liddeej01
276,Mason Jones,26,SAC,SG,3,0,13,14.9,.000,1.000,.000,8.6,26.0,17.3,61.2,0.0,0.0,0.0,6.6,0.0,0.0,0.0,.139,2.7,1.2,3.9,0.0,,jonesma05
277,PJ Dozier,28,MIN,SG,9,0,35,9.7,.621,1.000,2.000,3.3,12.6,8.0,18.8,1.4,0.0,15.1,8.3,0.0,0.0,0.1,.114,-2.4,2.4,0.0,0.0,,doziepj01
278,Patrick Baldwin Jr.,22,WAS,SF,14,0,60,14.3,.620,.550,.200,5.2,15.6,10.4,2.5,1.6,3.0,8.4,16.4,0.1,0.0,0.1,.069,0.4,-1.4,-1.0,0.0,,baldwpa01
279,Cam Spencer,24,MEM,SG,8,0,98,10.9,.566,.522,.348,5.4,11.3,8.5,16.9,1.4,0.9,15.9,12.7,0.1,0.1,0.3,.131,-2.2,0.8,-1.5,0.0,,spencca01
280,Olivier-Maxence Prosper,22,DAL,PF,23,0,167,12.7,.470,.313,.396,10.1,16.4,13.3,7.8,2.0,1.1,5.1,15.2,0.1,0.2,0.3,.098,-1.1,-0.6,-1.7,0.0,,prospol01
281,Seth Curry,34,CHO,SG,29,7,391,11.2,.587,.517,.117,3.2,8.0,5.5,5.1,1.6,1.3,6.7,14.6,0.4,0.2,0.7,.082,-1.6,-0.3,-1.9,0.0,,curryse01
282,Jared Butler,24,WAS,SG,22,0,227,14.2,.522,.243,.223,2.7,6.4,4.6,36.4,1.4,0.8,13.7,24.0,0.1,0.0,0.1,.027,-0.1,-1.7,-1.8,0.0,,butleja02
283,Collin Gillespie,25,PHO,PG,1,0,3,26.9,.750,.500,.000,0.0,0.0,0.0,0.0,0.0,0.0,0.0,29.4,0.0,0.0,0.0,.139,11.4,-0.1,11.4,0.0,,gilleco01
284,Kobe Brown,25,LAC,PF,8,0,59,13.6,.465,.269,.077,9.4,20.9,15.1,10.6,0.8,1.7,0.0,19.6,0.0,0.1,0.1,.101,-0.4,-0.8,-1.2,0.0,,brownko01
285,Mac McClung,26,ORL,SG,1,0,5,14.7,,,,0.0,24.5,11.7,50.4,0.0,0.0,,0.0,0.0,0.0,0.0,.221,2.4,4.1,6.5,0.0,,mccluma01
286,Pete Nance,24,PHI,PF,1,0,3,29.4,1.500,1.000,.000,0.0,40.7,19.3,0.0,0.0,0.0,0.0,14.6,0.0,0.0,0.0,.278,4.0,7.9,12.0,0.0,,nancepe01
287,Alex Reese,25,OKC,PF,1,0,2,54.9,1.000,.000,.000,52.8,0.0,26.2,0.0,0.0,0.0,0.0,21.3,0.0,0.0,0.0,.603,22.8,-3.9,19.0,0.0,,reeseal01
288,Chris Livingston,21,MIL,SF,3,0,6,19.3,.500,.000,.000,18.7,17.6,18.2,24.2,8.1,0.0,33.3,21.9,0.0,0.0,0.0,.068,-0.3,4.6,4.2,0.0,,livinch01
289,A.J. Lawson,24,TOR,SG,3,0,14,16.7,.571,.714,.286,7.7,15.8,11.7,0.0,0.0,0.0,0.0,23.3,0.0,0.0,0.0,.085,4.6,-4.3,0.3,0.0,,lawsoaj01
290,Moses Moody,22,GSW,SG,26,4,413,11.8,.573,.590,.242,2.4,9.6,5.9,7.8,1.3,1.4,10.1,19.9,0.2,0.4,0.6,.074,-1.4,-0.5,-1.9,0.0,,moodymo01
291,Bryce McGowens,22,POR,SG,2,0,7,14.8,.500,.500,.000,15.0,0.0,7.8,20.8,0.0,0.0,0.0,11.9,0.0,0.0,0.0,.098,5.0,-2.5,2.6,0.0,,mcgowbr01
292,Cam Christie,19,LAC,SG,1,0,18,6.5,.357,.571,.000,6.2,12.4,9.3,0.0,5.4,0.0,12.5,19.2,-0.1,0.0,0.0,-0.057,-4.1,3.6,-0.5,0.0,,chrisca02
293,Jeff Dowtin,27,PHI,PG,10,0,97,10.7,.515,.360,.200,2.3,10.1,6.0,15.3,1.5,1.1,6.8,13.2,0.1,0.1,0.1,.074,-2.6,1.0,-1.6,0.0,,dowtije01
294,Jaylen Martin,21,BRK,SF,3,0,5,13.2,.750,.500,.000,0.0,0.0,0.0,0.0,0.0,0.0,0.0,17.7,0.0,0.0,0.0,.104,4.4,-1.1,3.3,0.0,,martija02
295,Oscar Tshiebwe,25,UTA,PF,1,0,16,18.1,.852,,,21.1,41.0,31.2,0.0,6.0,0.0,36.2,7.2,0.0,0.0,0.1,.203,-3.5,2.8,-0.7,0.0,,tshieos01
296,Bol Bol,25,PHO,PF,7,0,37,19.0,.652,.333,.400,12.2,20.7,16.5,4.6,0.0,0.0,14.5,24.6,0.1,0.0,0.1,.083,2.1,-3.7,-1.6,0.0,,bolbo01
297,Quinten Post,24,GSW,PF,2,0,5,12.6,.333,.667,.000,20.0,0.0,10.3,30.8,0.0,0.0,0.0,24.9,0.0,0.0,0.0,.008,1.5,-0.9,0.6,0.0,,postqu01
298,James Wiseman,23,IND,C,1,0,5,32.2,.615,.250,.500,0.0,22.0,11.3,0.0,0.0,0.0,0.0,42.4,0.0,0.0,0.0,.233,5.8,-5.1,0.7,0.0,,wisemja01
299,Jeff Green,38,HOU,PF,9,0,55,11.3,.609,.611,.111,1.9,11.5,6.6,2.6,1.8,0.0,9.6,15.6,0.0,0.1,0.1,.115,-2.1,0.3,-1.8,0.0,,greenje02
300,Joe Ingles,37,MIN,SF,7,0,26,5.6,.000,1.000,.000,8.8,0.0,4.3,42.4,0.0,0.0,33.3,5.0,0.0,0.0,0.0,.085,-3.2,1.0,-2.2,0.0,,inglejo01
301,Sidy Cissoko,20,SAS,SF,13,0,41,10.4,.508,.462,.308,5.3,15.4,10.4,21.3,0.0,0.0,6.3,16.5,0.0,0.0,0.1,.066,-1.1,-1.1,-2.1,0.0,,cissosi01
302,Duop Reath,28,POR,C,15,0,91,11.8,.563,.750,.188,6.9,10.0,8.4,6.4,0.0,2.1,2.8,16.3,0.2,0.0,0.2,.082,0.6,-2.7,-2.1,0.0,,reathdu01
303,Day'Ron Sharpe,23,BRK,C,12,0,184,17.9,.513,.194,.250,17.6,25.8,21.6,9.7,3.2,3.3,14.0,22.4,0.1,0.3,0.4,.094,-1.8,-0.3,-2.0,0.0,,sharpda01
304,Dennis Schröder,31,2TM,PG,30,30,968,13.6,.552,.461,.243,0.7,9.4,4.9,30.0,1.5,0.5,14.7,23.4,0.7,0.5,1.2,.060,-0.5,-1.5,-2.0,0.0,,schrode01
305,Gary Harris,30,ORL,SG,20,2,326,7.8,.536,.750,.111,3.4,5.6,4.5,4.4,2.0,1.5,10.6,11.2,0.0,0.4,0.5,.070,-3.0,1.0,-2.0,0.0,,harriga01
306,Luka Garza,26,MIN,C,9,0,46,20.9,.614,.320,.320,9.9,16.7,13.4,4.3,1.1,0.0,9.5,30.0,0.1,0.1,0.1,.116,-0.2,-2.0,-2.2,0.0,,garzalu01
307,Jalen Hood-Schifino,21,LAL,SG,2,0,14,11.6,1.064,.000,2.000,8.1,0.0,4.0,9.3,0.0,6.5,34.7,9.0,0.0,0.0,0.0,.145,-4.0,1.1,-2.9,0.0,,hoodsja01
308,Adama Sanogo,22,CHI,C,4,0,21,15.3,.571,.000,.000,25.1,4.9,14.9,6.8,0.0,0.0,12.5,15.9,0.0,0.0,0.0,.101,1.0,-3.6,-2.6,0.0,,sanogad01
309,Justin Edwards,21,PHI,SF,3,0,14,9.4,.450,.500,.250,0.0,17.4,8.3,11.1,3.5,0.0,0.0,13.9,0.0,0.0,0.0,.053,-4.9,1.6,-3.3,0.0,,edwarju01
310,Elfrid Payton,30,NOP,PG,7,3,144,15.0,.501,.022,.043,3.6,15.1,9.1,50.3,3.4,2.0,29.9,19.6,-0.1,0.1,0.0,.005,-2.2,0.0,-2.2,0.0,,paytoel01
311,Aaron Nesmith,25,IND,SF,6,6,136,12.0,.659,.306,.361,3.4,16.2,10.0,5.9,1.4,1.4,10.7,14.9,0.2,0.1,0.3,.105,-2.0,-0.2,-2.2,0.0,,nesmiaa01
312,Terrence Shannon Jr.,24,MIN,SG,10,0,45,10.8,.577,.231,.000,0.0,4.9,2.5,16.8,2.2,2.1,18.8,15.5,0.0,0.1,0.1,.055,-3.7,1.0,-2.8,0.0,,shannte01
313,Brice Sensabaugh,21,UTA,SF,26,0,436,12.1,.597,.625,.144,4.1,13.0,8.6,11.9,1.7,0.6,17.5,19.8,0.2,0.0,0.2,.022,-0.5,-1.6,-2.1,0.0,,sensabr01
314,Stanley Umude,25,MIL,SG,8,0,26,5.3,.255,.800,.400,0.0,24.4,12.6,9.4,1.9,3.6,0.0,9.9,0.0,0.0,0.0,-0.011,-5.5,1.7,-3.7,0.0,,umudest01
315,Kyle Filipowski,21,UTA,C,22,8,364,12.7,.569,.371,.381,6.5,21.9,14.3,16.0,1.6,0.8,15.6,15.5,0.4,0.1,0.5,.064,-1.6,-0.5,-2.1,0.0,,filipky01
316,Richaun Holmes,31,WAS,PF,4,0,24,13.8,.505,.091,.182,13.0,17.4,15.2,0.0,0.0,7.5,14.4,24.0,0.0,0.0,0.0,-0.032,-2.1,-1.8,-3.9,0.0,,holmeri01
317,Tre Mann,23,CHO,PG,13,0,319,13.8,.537,.373,.130,3.9,9.1,6.4,21.4,1.1,1.3,12.8,25.9,0.1,0.2,0.3,.039,-0.3,-2.0,-2.3,0.0,,manntr01
318,Keldon Johnson,25,SAS,SF,30,0,736,14.2,.542,.372,.262,4.9,17.0,11.1,9.9,1.5,0.7,6.7,21.0,0.6,0.7,1.4,.089,-1.1,-0.9,-2.1,0.0,,johnske04
319,Isaiah Crawford,23,SAC,SF,2,0,7,-0.4,,,,0.0,16.1,8.0,0.0,0.0,0.0,,0.0,0.0,0.0,0.0,.020,-9.3,-0.8,-10.1,0.0,,crawfis01
320,Trentyn Flowers,19,LAC,SF,1,0,14,9.1,.477,.222,.111,7.9,24.0,15.9,0.0,0.0,0.0,9.6,32.2,0.0,0.0,0.0,-0.054,-4.9,-0.8,-5.7,0.0,,flowetr01
321,Taze Moore,26,POR,SG,2,0,20,7.2,.276,.400,.200,21.1,22.8,21.9,6.9,4.8,0.0,15.5,26.7,-0.1,0.0,-0.1,-0.177,-3.5,-1.2,-4.7,0.0,,mooreta02
322,Mo Bamba,26,LAC,C,18,0,220,11.8,.473,.476,.206,7.1,26.0,16.5,7.7,1.8,8.6,12.7,15.4,-0.1,0.5,0.4,.087,-4.7,2.5,-2.3,0.0,,bambamo01
323,Orlando Robinson,24,SAC,C,8,0,50,12.1,.454,.333,.400,6.7,20.3,13.5,23.7,1.9,2.0,14.5,17.7,0.0,0.1,0.1,.058,-4.0,0.7,-3.3,0.0,,robinor01
324,Jacob Toppin,24,NYK,SF,9,0,24,4.3,.333,.667,.000,0.0,18.3,9.5,19.3,0.0,0.0,25.0,7.3,0.0,0.0,0.0,.008,-4.5,-0.2,-4.7,0.0,,toppija01
325,Donovan Clingan,20,POR,C,25,7,398,16.9,.576,.145,.236,18.3,24.0,21.0,5.1,1.5,9.7,20.3,15.9,0.3,0.5,0.8,.093,-2.8,0.6,-2.2,0.0,,clingdo01
326,Riley Minix,24,SAS,SF,1,0,7,-1.8,.000,1.000,.000,0.0,30.0,15.3,0.0,0.0,0.0,0.0,6.1,0.0,0.0,0.0,-0.098,-8.4,-3.5,-11.9,0.0,,minixri01
327,Justin Minaya,25,POR,SF,1,0,6,-0.5,,,,0.0,19.0,9.1,0.0,0.0,0.0,,0.0,0.0,0.0,0.0,.001,-11.2,-2.0,-13.2,0.0,,minayju01
328,Keshad Johnson,23,MIA,SF,3,0,14,4.1,.500,.500,.000,0.0,23.3,11.8,0.0,0.0,0.0,0.0,6.3,0.0,0.0,0.0,.040,-6.6,-0.5,-7.0,0.0,,johnske10
329,Jared Rhoden,25,CHO,SG,4,0,12,5.6,.250,.250,.000,17.3,18.6,17.9,26.7,4.1,0.0,11.1,31.7,-0.1,0.0,-0.1,-0.209,-7.0,-1.6,-8.6,0.0,,rhodeja01
330,David Duke Jr.,25,SAS,SG,1,0,8,3.0,.307,.250,.500,0.0,0.0,0.0,35.4,0.0,0.0,0.0,26.2,0.0,0.0,0.0,-0.113,-6.8,-4.9,-11.7,0.0,,dukeda01
331,James Johnson,37,IND,PF,5,0,22,5.8,.538,.143,.143,0.0,20.0,10.3,19.5,0.0,8.5,35.0,22.6,-0.1,0.0,-0.1,-0.142,-7.4,1.7,-5.7,0.0,,johnsja01
332,Jaime Jaquez Jr.,23,MIA,SF,27,4,584,12.8,.503,.272,.316,6.6,16.7,11.7,15.2,2.6,0.5,14.3,20.6,-0.1,0.8,0.7,.060,-2.6,0.5,-2.1,0.0,,jaqueja01
333,AJ Johnson,20,MIL,SG,5,0,11,10.0,.583,.167,.000,0.0,19.2,9.9,15.6,0.0,0.0,25.0,31.9,0.0,0.0,0.0,-0.127,-5.4,-4.9,-10.3,0.0,,johnsaj01
334,Harrison Ingram,22,SAS,SF,1,0,7,-5.8,.000,.000,.000,0.0,15.0,7.6,0.0,0.0,0.0,0.0,6.1,0.0,0.0,0.0,-0.121,-11.6,-4.0,-15.6,0.0,,ingraha01
335,Anfernee Simons,25,POR,SG,29,29,906,13.8,.537,.514,.186,1.0,8.6,4.7,24.7,1.5,0.2,12.4,24.7,0.7,0.1,0.7,.038,0.3,-2.4,-2.1,0.0,,simonan01
336,Dominick Barlow,21,ATL,SF,5,0,23,6.0,.436,.167,.333,0.0,14.2,7.0,5.4,2.0,0.0,0.0,12.1,0.0,0.0,0.0,.022,-5.2,-0.9,-6.1,0.0,,barlodo01
337,Bruce Brown,28,TOR,PG,2,0,39,9.7,.453,.211,.105,5.6,8.5,7.0,7.8,2.5,0.0,4.8,22.2,0.0,0.0,0.0,-0.016,-3.8,-0.7,-4.5,0.0,,brownbr01
338,Quenton Jackson,26,IND,PG,17,7,252,13.6,.598,.316,.276,4.6,7.4,6.0,16.9,1.7,1.8,11.4,16.6,0.4,0.1,0.5,.098,-1.6,-0.7,-2.4,0.0,,jacksqu01
339,Tristan Vukcevic,21,WAS,C,3,0,7,2.8,.250,.750,.000,14.8,0.0,7.4,0.0,0.0,12.9,0.0,23.7,0.0,0.0,0.0,-0.209,-11.6,-4.7,-16.3,0.0,,vukcetr01
340,Tyler Kolek,23,NYK,PG,20,0,127,11.0,.548,.595,.095,1.9,9.5,5.9,15.3,2.3,0.8,13.8,17.5,0.1,0.1,0.2,.074,-2.8,0.0,-2.8,0.0,,kolekty01
341,Yuki Kawamura,23,MEM,PG,15,0,52,10.7,.530,.700,.300,0.0,9.7,5.0,27.0,0.9,0.0,15.0,20.2,0.0,0.1,0.1,.085,-2.8,-1.1,-3.9,0.0,,kawamyu01
342,Jamal Cain,25,NOP,SF,16,0,225,11.7,.556,.509,.291,7.0,15.3,10.9,6.2,1.7,2.9,10.1,12.9,0.2,0.1,0.3,.056,-2.2,-0.3,-2.5,0.0,,cainja01
343,Taylor Hendricks,21,UTA,PF,3,3,75,7.3,.354,.667,.222,7.5,14.6,11.1,3.5,3.2,4.9,9.2,12.2,-0.1,0.1,0.0,-0.010,-4.5,1.1,-3.4,0.0,,hendrita0
344,Josh Christopher,23,MIA,SG,1,0,2,-44.4,.000,1.000,.000,0.0,0.0,0.0,0.0,0.0,0.0,50.0,44.0,-0.1,0.0,-0.1,-1.242,-46.0,-22.5,-68.5,0.0,,chrisjo01
345,Jock Landale,29,HOU,C,18,0,175,11.9,.471,.140,.380,12.3,16.3,14.3,10.8,0.8,3.6,14.6,16.1,0.0,0.3,0.3,.089,-2.9,0.2,-2.6,0.0,,landajo01
346,Quincy Olivari,23,LAL,PG,1,0,8,-0.9,.500,1.000,.000,0.0,0.0,0.0,0.0,0.0,0.0,25.0,21.9,0.0,0.0,0.0,-0.209,-8.0,-7.4,-15.4,0.0,,olivaqu01
347,Max Strus,28,CLE,SF,5,0,110,8.5,.524,.844,.031,4.1,13.6,9.0,11.0,0.9,1.7,11.0,14.3,0.1,0.1,0.2,.078,-2.8,-0.2,-3.0,0.0,,strusma01
348,Jerami Grant,30,POR,PF,29,29,948,11.6,.527,.504,.271,1.7,10.7,6.0,10.5,1.3,2.9,9.0,19.9,0.5,0.2,0.7,.037,-0.8,-1.3,-2.1,0.0,,grantje01
349,Liam Robbins,25,MIL,C,7,0,33,7.6,.434,.250,1.000,13.6,9.6,11.6,3.8,1.5,2.9,14.8,9.0,0.0,0.0,0.0,.059,-4.8,-0.9,-5.6,0.0,,robbili01
350,Spencer Jones,23,DEN,SF,5,0,13,2.3,.250,.750,.000,0.0,24.4,12.7,0.0,7.3,0.0,20.0,16.2,-0.1,0.0,0.0,-0.133,-13.5,2.1,-11.4,0.0,,jonessp01
351,PJ Hall,22,DEN,C,6,0,14,6.2,.400,.400,.000,0.0,22.7,11.8,0.0,0.0,6.4,0.0,15.0,0.0,0.0,0.0,-0.026,-8.4,-2.5,-10.9,0.0,,hallpj01
352,Jack McVeigh,28,HOU,PF,6,0,21,4.4,.364,.727,.000,4.9,15.1,9.9,6.7,0.0,4.3,8.3,23.5,-0.1,0.0,0.0,-0.057,-5.2,-2.7,-7.9,0.0,,mcveija01
353,Daniss Jenkins,23,DET,PG,2,0,5,-18.0,.000,1.000,.000,0.0,0.0,0.0,0.0,0.0,0.0,0.0,17.1,0.0,0.0,0.0,-0.408,-21.1,-7.6,-28.6,0.0,,jenkida01
354,Ricky Council IV,23,PHI,SF,24,0,299,13.4,.552,.381,.485,5.2,14.7,9.7,8.2,1.2,1.7,8.5,18.9,0.3,0.2,0.6,.093,-1.0,-1.3,-2.4,0.0,,councri01
355,Garrett Temple,38,TOR,SG,11,0,47,3.8,.250,.500,.000,2.3,18.8,10.5,18.1,4.1,2.0,28.6,12.4,-0.1,0.1,-0.1,-0.078,-7.5,2.6,-4.9,0.0,,templga01
356,Anthony Gill,32,WAS,PF,22,0,152,10.8,.590,.351,.486,4.1,14.4,9.2,5.6,1.5,0.6,10.0,13.6,0.1,0.0,0.2,.050,-2.1,-0.8,-2.9,0.0,,gillan01
357,Maxwell Lewis,22,2TM,SF,8,0,30,6.2,.500,.143,.000,7.6,0.0,3.8,8.6,1.6,0.0,22.2,13.1,0.0,0.0,0.0,-0.010,-4.0,-3.0,-6.9,0.0,,lewisma05
358,Lester Quiñones,24,PHI,SG,4,0,17,8.7,.533,.375,.125,19.5,7.2,13.6,10.6,0.0,0.0,32.2,32.2,-0.1,0.0,-0.1,-0.182,-3.7,-6.9,-10.5,0.0,,quinole01
359,Ousmane Dieng,21,OKC,PF,19,0,201,9.2,.407,.594,.172,4.7,19.7,12.3,8.7,2.9,2.0,6.8,15.6,-0.2,0.5,0.3,.076,-4.4,1.6,-2.7,0.0,,diengou01
360,Jaden Springer,22,BOS,SG,13,0,59,10.8,.456,.286,.929,7.3,18.3,12.8,10.6,2.5,0.0,9.2,15.8,0.0,0.1,0.1,.104,-5.7,1.2,-4.5,0.0,,sprinja01
361,Luke Travers,23,CLE,SG,6,0,42,8.0,.508,.429,.286,2.7,12.7,7.8,13.8,1.1,2.2,20.2,10.1,0.0,0.0,0.1,.071,-5.2,-0.4,-5.6,0.0,,travelu01
362,Bronny James,20,LAL,SG,7,0,18,2.5,.225,.500,.250,6.3,0.0,3.1,14.1,2.7,5.1,0.0,21.6,-0.1,0.0,-0.1,-0.155,-8.6,-1.7,-10.2,0.0,,jamesbr02
363,Mouhamed Gueye,22,ATL,PF,2,0,11,-5.7,.250,.500,.000,0.0,19.8,9.8,0.0,0.0,0.0,20.0,18.4,-0.1,0.0,-0.1,-0.270,-10.8,-4.6,-15.4,0.0,,gueyemo02
364,Ulrich Chomche,19,TOR,PF,5,0,19,3.9,.667,.000,.000,11.4,11.6,11.5,6.9,0.0,0.0,40.0,10.9,0.0,0.0,0.0,-0.038,-7.4,-3.0,-10.4,0.0,,chomcul01
365,Alex Ducas,24,OKC,SG,4,0,7,-15.8,.000,.667,.000,0.0,0.0,0.0,0.0,0.0,0.0,0.0,18.2,-0.1,0.0,-0.1,-0.411,-17.4,-6.5,-23.9,0.0,,ducasal01
366,Andrew Nembhard,25,IND,SG,19,19,512,12.5,.561,.277,.253,1.6,10.8,6.3,24.3,1.3,0.5,15.9,18.6,0.4,0.2,0.6,.055,-1.3,-1.1,-2.3,0.0,,nembhan01
367,Moses Brown,25,IND,C,9,0,46,16.6,.653,.000,.250,10.0,21.5,15.9,0.0,2.1,2.0,21.3,26.6,0.0,0.0,0.0,.011,-3.8,-1.9,-5.8,0.0,,brownmo01
368,Branden Carlson,25,OKC,C,6,0,22,7.2,.225,.750,.250,14.4,28.4,21.5,10.7,2.2,4.7,10.1,19.1,-0.1,0.1,0.0,-0.032,-8.0,-2.1,-10.1,0.0,,carlsbr01
369,Vlatko Čančar,27,DEN,PF,4,0,34,7.7,.643,.286,.000,10.1,15.6,13.0,0.0,0.0,2.6,22.2,11.1,0.0,0.0,0.0,.030,-5.1,-2.0,-7.1,0.0,,cancavl01
370,Markieff Morris,35,DAL,PF,4,0,21,-0.4,.278,.333,.000,0.0,25.0,12.9,12.1,0.0,4.2,18.2,22.4,-0.1,0.0,-0.1,-0.210,-8.7,-2.1,-10.7,0.0,,morrima02
371,Max Christie,21,LAL,SG,31,10,681,11.0,.592,.503,.396,3.5,8.2,5.9,7.5,2.0,1.5,10.5,13.4,0.7,0.4,1.1,.078,-2.3,0.0,-2.3,0.0,,chrisma02
372,Daishen Nix,22,MIN,PG,3,0,13,-7.1,.266,1.000,2.000,0.0,33.9,17.2,28.3,0.0,0.0,68.0,19.8,-0.1,0.0,-0.1,-0.323,-15.5,-1.5,-16.9,-0.1,,nixda01
373,Jordan Walsh,20,BOS,PF,24,1,214,7.5,.465,.682,.227,5.5,10.1,7.8,4.7,1.4,3.3,9.4,10.7,0.0,0.3,0.3,.062,-3.6,0.6,-3.0,-0.1,,walshjo01
374,Reece Beekman,23,2TM,PG,7,0,27,0.3,.307,.500,.500,3.7,0.0,1.9,15.6,1.8,0.0,29.1,11.2,-0.1,0.0,-0.1,-0.108,-9.4,-0.7,-10.1,-0.1,,beekmre01
375,Malevy Leons,25,OKC,SF,6,0,21,-2.3,.266,.500,2.000,5.0,9.9,7.5,5.3,0.0,0.0,21.0,9.6,0.0,0.0,0.0,-0.043,-10.7,-2.0,-12.8,-0.1,,leonsma01
376,Jericho Sims,26,NYK,C,29,2,337,10.3,.659,.000,.265,13.5,21.1,17.5,6.0,1.0,2.6,28.3,6.9,0.4,0.4,0.8,.118,-2.8,0.1,-2.7,-0.1,,simsje01
377,Jae Crowder,34,SAC,SF,6,2,89,7.0,.509,.706,.353,7.5,13.9,10.7,5.5,1.6,0.0,16.9,11.4,0.0,0.1,0.1,.043,-4.0,-0.7,-4.6,-0.1,,crowdja01
378,Vince Williams Jr.,24,MEM,SG,3,0,45,3.7,.385,.421,.211,9.5,15.7,12.7,25.6,0.0,4.0,25.2,24.4,-0.2,0.1,-0.1,-0.099,-7.1,-0.1,-7.3,-0.1,,willivi01
379,Pacome Dadiet,19,NYK,SG,12,0,82,6.5,.455,.700,.100,0.0,17.4,9.1,7.3,0.6,2.3,4.6,11.7,0.0,0.1,0.1,.039,-3.8,-1.1,-4.9,-0.1,,dadiepa01
380,Shaedon Sharpe,21,POR,SG,24,22,740,14.5,.553,.429,.227,2.3,10.5,6.2,13.2,1.2,0.8,9.2,23.9,0.7,0.1,0.7,.048,0.1,-2.4,-2.3,-0.1,,sharpsh01
381,Cui Yongxi,21,BRK,SG,5,0,10,-10.9,.190,.429,.286,0.0,24.4,11.9,0.0,0.0,0.0,0.0,34.9,-0.1,0.0,-0.1,-0.504,-16.6,-8.6,-25.2,-0.1,,cuiyo01
382,Colin Castleton,24,MEM,C,10,0,46,7.2,.472,.400,1.100,7.0,13.2,10.2,0.0,1.0,2.0,6.3,13.6,0.0,0.1,0.1,.089,-6.1,-1.1,-7.3,-0.1,,castlco01
383,Kobe Bufkin,21,ATL,SG,10,0,124,10.6,.483,.404,.383,4.3,14.1,9.1,18.5,1.1,1.5,12.7,20.6,0.0,0.1,0.1,.021,-3.3,-0.7,-4.0,-0.1,,bufkiko01
384,Cole Swider,25,DET,SF,2,0,13,-11.4,.000,1.000,.000,0.0,17.1,8.6,9.0,0.0,0.0,0.0,16.4,-0.1,0.0,-0.1,-0.337,-14.5,-6.3,-20.8,-0.1,,swideco01
385,Patrick Williams,23,CHI,PF,24,23,647,10.4,.536,.554,.155,3.3,13.3,8.3,10.6,1.6,1.7,13.7,17.0,-0.1,0.4,0.3,.024,-1.8,-0.6,-2.4,-0.1,,willipa01
386,Jazian Gortman,21,DAL,PG,14,0,51,6.4,.483,.400,.200,2.2,8.2,5.3,13.5,1.9,1.7,18.7,22.4,-0.1,0.0,0.0,-0.043,-6.1,-0.8,-6.9,-0.1,,gortmja01
387,Rob Dillingham,20,MIN,PG,15,0,127,9.4,.539,.412,.000,0.9,8.7,4.8,31.0,0.8,0.0,23.9,23.1,-0.1,0.1,0.0,-0.008,-1.9,-2.0,-3.9,-0.1,,dilliro01
388,Tristen Newton,23,IND,SG,5,0,8,-15.4,.233,.500,.167,0.0,0.0,0.0,16.5,0.0,0.0,13.4,40.4,-0.1,0.0,-0.1,-0.570,-21.9,-11.5,-33.4,-0.1,,newtotr01
389,Brandon Williams,25,DAL,PG,7,0,43,6.1,.465,.267,.333,2.6,9.8,6.3,12.5,1.1,0.0,18.9,21.1,-0.1,0.0,0.0,-0.053,-6.7,-1.4,-8.0,-0.1,,willibr03
390,Adam Flagler,25,OKC,SG,11,0,40,4.8,.375,.950,.000,5.3,10.4,7.9,0.0,2.4,0.0,0.0,21.3,-0.1,0.1,0.0,-0.013,-6.4,-2.1,-8.5,-0.1,,flaglad01
391,Jaylen Wells,21,MEM,SG,34,29,850,10.6,.566,.530,.182,4.3,8.9,6.7,8.6,0.9,0.5,10.8,17.6,0.7,0.9,1.6,.089,-1.4,-1.0,-2.3,-0.1,,wellsja01
392,Karlo Matković,23,NOP,PF,5,0,39,7.9,.400,.000,.000,16.1,11.8,14.0,0.0,3.7,7.2,44.4,9.7,-0.1,0.0,0.0,-0.046,-7.8,-1.0,-8.9,-0.1,,matkoka01
393,Nick Richards,27,CHO,C,17,9,372,16.7,.615,.011,.800,10.9,28.2,19.2,8.7,0.8,5.7,18.4,17.9,0.4,0.5,0.9,.118,-2.8,0.0,-2.8,-0.1,,richani01
394,Isaiah Wong,24,CHO,SG,10,0,143,11.0,.452,.304,.464,8.7,7.8,8.3,19.3,2.1,0.0,12.9,22.9,-0.1,0.1,0.0,.007,-2.8,-1.3,-4.1,-0.1,,wongis01
395,Patty Mills,36,UTA,PG,9,0,138,6.2,.495,.774,.097,0.8,5.5,3.2,12.8,2.1,1.3,19.8,12.3,-0.1,0.0,-0.1,-0.024,-4.1,0.1,-4.0,-0.1,,millspa02
396,Jordan McLaughlin,28,SAC,PG,23,0,165,9.9,.543,.590,.359,2.0,10.9,6.5,15.4,2.6,0.0,18.1,14.4,0.0,0.2,0.2,.056,-3.7,-0.1,-3.8,-0.1,,mclaujo01
397,Svi Mykhailiuk,27,UTA,SF,10,5,167,10.0,.553,.761,.090,0.7,9.2,5.0,11.9,2.3,1.1,16.7,21.0,-0.1,0.0,-0.1,-0.021,-2.4,-1.3,-3.7,-0.1,,mykhasv01
398,Johnny Furphy,20,IND,SG,20,0,206,8.6,.508,.593,.130,7.3,8.6,7.9,5.6,1.9,2.7,13.6,13.9,0.0,0.1,0.1,.023,-2.4,-1.0,-3.4,-0.1,,furphjo01
399,Eric Gordon,36,PHI,SG,20,1,343,8.9,.504,.592,.235,1.0,5.7,3.2,11.6,1.9,1.8,11.5,15.6,-0.1,0.2,0.2,.025,-2.6,-0.3,-2.9,-0.1,,gordoer01
400,Bilal Coulibaly,20,WAS,SF,29,29,980,11.8,.527,.356,.298,4.1,12.8,8.4,15.3,2.0,2.1,14.3,17.4,0.1,0.4,0.5,.026,-2.1,-0.2,-2.3,-0.1,,coulibi01
401,Baylor Scheierman,24,BOS,SG,5,0,34,0.5,.184,.600,.200,6.3,15.9,11.1,7.0,1.4,0.0,0.0,13.7,-0.1,0.0,-0.1,-0.076,-9.7,-0.8,-10.5,-0.1,,scheiba01
402,Isaac Jones,24,SAC,PF,21,0,173,13.5,.669,.083,.417,6.5,13.7,10.1,3.3,0.6,4.6,16.2,16.8,0.2,0.1,0.3,.086,-2.9,-0.8,-3.7,-0.1,,jonesis01
403,JD Davison,22,BOS,PG,5,0,24,-4.5,.510,.600,.400,0.0,9.0,4.5,5.3,2.0,0.0,50.5,21.3,-0.2,0.0,-0.1,-0.268,-12.1,-2.2,-14.3,-0.1,,davisjd01
404,Caleb Martin,29,PHI,SF,26,19,788,10.2,.532,.384,.328,5.3,12.2,8.6,10.4,1.7,1.8,15.0,14.9,0.1,0.7,0.8,.048,-2.1,-0.3,-2.4,-0.1,,martica02
405,D.J. Carton,24,TOR,SG,4,0,33,-2.6,.202,.429,.143,0.0,13.4,6.6,10.9,2.9,0.0,35.0,14.4,-0.2,0.0,-0.1,-0.217,-10.0,-1.4,-11.3,-0.1,,cartodj01
406,Jalen Bridges,23,PHO,SF,4,0,17,-9.2,.129,1.000,.667,0.0,19.3,9.8,0.0,0.0,0.0,34.0,15.2,-0.1,0.0,-0.1,-0.335,-14.9,-5.5,-20.3,-0.1,,bridgja01
407,Moussa Diabaté,23,CHO,C,30,4,537,14.0,.592,.000,.329,17.8,23.5,20.5,5.0,1.7,4.2,23.7,9.0,0.5,0.7,1.2,.111,-2.6,0.0,-2.6,-0.1,,diabamo01
408,Taj Gibson,39,CHO,C,14,8,151,11.0,.505,.059,.176,14.4,17.7,16.0,6.8,2.0,2.0,19.7,12.8,0.0,0.2,0.2,.057,-4.0,0.0,-4.1,-0.1,,gibsota01
409,Colby Jones,22,SAC,SG,22,0,119,7.0,.500,.375,.000,5.6,13.3,9.4,5.3,2.0,4.2,22.6,11.2,-0.1,0.1,0.0,.018,-5.1,0.4,-4.7,-0.1,,jonesco02
410,Bogdan Bogdanović,32,ATL,SG,14,0,356,9.8,.555,.669,.158,2.7,10.7,6.6,11.8,1.6,1.1,14.9,19.0,0.0,0.2,0.2,.028,-2.5,-0.4,-2.9,-0.1,,bogdabo01
411,Gui Santos,22,GSW,PF,9,0,40,1.7,.381,.714,.286,5.0,18.7,11.6,9.4,0.0,2.4,27.6,11.3,-0.1,0.0,0.0,-0.038,-9.2,-0.8,-10.1,-0.1,,santogu01
412,Delon Wright,32,MIL,PG,22,2,366,7.8,.400,.600,.200,4.6,7.8,6.3,14.4,2.5,1.5,14.6,10.7,-0.1,0.4,0.3,.037,-4.0,1.1,-2.9,-0.1,,wrighde01
413,Ariel Hukporti,22,NYK,C,12,0,99,7.1,.628,.000,.571,4.8,19.9,12.7,7.4,0.0,7.7,36.3,12.2,-0.1,0.1,0.0,.013,-6.6,1.2,-5.4,-0.1,,hukpoar01
414,Reed Sheppard,20,HOU,PG,29,0,344,7.3,.414,.576,.051,3.0,8.6,5.8,13.6,2.1,2.6,12.4,16.5,-0.3,0.6,0.3,.035,-4.3,1.2,-3.1,-0.1,,sheppre01
415,Adem Bona,21,PHI,C,16,0,106,10.2,.724,.000,.643,9.4,20.7,14.8,2.7,0.0,5.9,25.0,9.9,0.1,0.1,0.2,.101,-5.0,-0.3,-5.3,-0.1,,bonaad01
416,Oso Ighodaro,22,PHO,PF,26,2,413,10.7,.601,.000,.257,7.1,18.6,12.9,7.7,1.4,2.0,15.4,10.4,0.4,0.3,0.7,.078,-3.0,0.2,-2.9,-0.1,,ighodos01
417,Trey Alexander,21,DEN,SG,10,0,48,0.9,.349,.500,.167,0.0,2.2,1.1,7.2,0.0,1.9,7.2,12.2,-0.1,0.0,-0.1,-0.071,-6.8,-2.5,-9.3,-0.1,,alexatr01
418,Damion Lee,32,PHO,SG,7,0,47,3.8,.360,.571,.286,0.0,11.6,5.9,14.8,2.1,0.0,11.3,25.0,-0.2,0.0,-0.1,-0.144,-8.2,-1.5,-9.7,-0.1,,leeda03
419,Dalton Knecht,23,LAL,SF,32,12,725,12.7,.591,.596,.141,3.3,14.0,8.7,7.1,0.9,0.3,5.9,17.4,0.8,0.3,1.1,.074,-0.4,-2.1,-2.5,-0.1,,knechda01
420,Cam Reddish,25,LAL,SF,25,8,488,8.0,.547,.521,.288,2.8,9.4,6.1,5.3,2.9,1.7,12.7,8.5,0.1,0.4,0.5,.052,-4.2,1.4,-2.8,-0.1,,reddica01
421,Keaton Wallace,25,ATL,PG,16,1,248,8.6,.515,.521,.056,0.9,8.8,4.8,15.7,2.4,2.3,18.9,14.7,-0.1,0.2,0.1,.013,-3.9,0.4,-3.5,-0.1,,wallake01
422,Noah Clowney,20,BRK,PF,24,6,489,10.9,.575,.704,.172,5.2,16.2,10.6,5.4,0.8,2.5,9.9,18.3,0.3,0.3,0.5,.052,-1.6,-1.2,-2.8,-0.1,,clownno01
423,Antonio Reeves,24,NOP,SG,16,0,149,11.2,.486,.486,.100,4.2,9.2,6.6,10.6,1.6,0.0,6.4,22.1,0.0,0.0,0.0,-0.010,-1.7,-2.8,-4.5,-0.1,,reevean01
424,Kris Murray,24,POR,SF,26,0,319,10.0,.516,.404,.225,7.9,10.4,9.1,8.5,1.7,0.9,13.3,14.7,0.0,0.1,0.1,.017,-2.1,-1.1,-3.2,-0.1,,murrakr01
425,Gradey Dick,21,TOR,SG,28,28,894,12.7,.555,.483,.245,2.9,9.1,6.0,9.9,1.6,0.6,10.0,23.1,0.6,0.2,0.8,.042,-0.6,-1.9,-2.5,-0.1,,dickgr01
426,Coby White,24,CHI,SG,32,32,1050,13.3,.569,.590,.229,1.2,10.0,5.6,20.2,1.5,0.5,13.4,23.1,0.6,0.5,1.1,.050,-0.8,-1.5,-2.4,-0.1,,whiteco01
427,Caleb Houstan,22,ORL,SF,22,0,158,5.9,.485,.842,.132,2.1,6.2,4.1,4.4,0.9,1.2,2.4,11.3,0.0,0.2,0.2,.068,-4.1,-0.4,-4.5,-0.1,,houstca01
428,Nick Smith Jr.,20,CHO,SG,14,0,125,7.3,.441,.551,.041,0.8,8.9,4.7,12.2,1.6,0.8,5.7,17.9,-0.1,0.1,0.0,-0.002,-4.2,-0.9,-5.2,-0.1,,smithni01
429,Pat Connaughton,32,MIL,SG,16,0,269,8.6,.505,.634,.169,3.3,14.9,9.3,12.8,0.5,1.7,12.6,14.2,0.0,0.2,0.3,.045,-2.7,-0.8,-3.5,-0.1,,connapa01
430,Tristan Da Silva,23,ORL,SF,31,24,780,9.3,.524,.487,.134,4.6,12.9,8.5,10.2,0.8,0.9,11.0,15.7,0.2,0.9,1.1,.069,-2.2,-0.3,-2.5,-0.1,,dasiltr01
431,Jeremiah Robinson-Earl,24,NOP,PF,29,4,563,13.4,.542,.446,.173,10.9,16.5,13.6,9.0,1.9,0.5,11.7,15.3,0.6,0.2,0.7,.060,-0.9,-1.8,-2.7,-0.1,,robinje02
432,Kessler Edwards,24,DAL,SF,12,0,26,-9.3,.000,.667,.000,0.0,8.1,4.2,4.4,0.0,3.4,14.3,11.5,-0.1,0.0,-0.1,-0.241,-13.8,-3.3,-17.1,-0.1,,edwarke02
433,Cole Anthony,24,ORL,PG,32,0,380,11.3,.483,.406,.246,3.8,18.7,10.9,30.8,1.7,1.3,18.2,28.9,-0.6,0.6,0.1,.007,-3.2,0.2,-3.1,-0.1,,anthoco01
434,Kevin Huerter,26,SAC,SG,30,15,745,10.7,.531,.665,.093,2.3,13.5,7.8,10.5,1.9,2.0,10.1,16.5,0.2,0.7,0.9,.056,-2.3,-0.2,-2.5,-0.1,,huertke01
435,Alex Sarr,19,WAS,C,28,28,762,12.7,.494,.424,.202,7.2,16.8,12.0,12.1,1.2,5.8,11.6,20.3,-0.3,0.5,0.2,.012,-2.2,-0.4,-2.6,-0.1,,sarral01
436,Javonte Green,31,NOP,SG,32,12,669,10.9,.573,.415,.293,4.7,11.8,8.1,4.8,2.3,2.8,11.2,11.8,0.4,0.2,0.7,.049,-2.5,-0.1,-2.7,-0.1,,greenja02
437,Johnny Juzang,23,UTA,SG,28,2,479,11.3,.588,.717,.132,4.0,12.1,8.1,8.0,1.0,0.8,7.2,15.9,0.7,0.0,0.6,.065,-0.8,-2.1,-2.9,-0.1,,juzanjo01
438,Jaylon Tyson,22,CLE,SG,19,1,145,8.9,.518,.351,.216,10.1,14.0,12.1,10.9,1.6,0.0,18.2,14.7,0.1,0.2,0.2,.075,-4.4,-0.6,-5.0,-0.1,,tysonja01
439,Taurean Prince,30,MIL,SF,31,26,805,9.1,.598,.610,.096,2.7,13.8,8.4,8.6,1.6,0.6,16.3,12.7,0.2,0.8,1.1,.063,-2.6,0.0,-2.6,-0.1,,princta02
440,Christian Koloko,24,LAL,C,20,0,183,10.5,.643,.074,.148,11.2,16.5,13.8,2.9,1.3,4.0,19.6,8.6,0.2,0.2,0.3,.090,-4.2,-0.4,-4.6,-0.1,,kolokch01
441,Pelle Larsson,23,MIA,SG,18,0,290,10.3,.591,.451,.352,3.8,8.6,6.2,12.5,1.7,0.0,10.9,13.9,0.4,0.3,0.6,.103,-3.8,0.1,-3.7,-0.1,,larsspe01
442,Lindy Waters III,27,GSW,SG,25,8,439,8.5,.475,.725,.051,3.0,12.7,7.7,9.9,1.9,1.1,6.0,14.2,0.1,0.5,0.6,.064,-3.7,0.6,-3.1,-0.1,,waterli01
443,Ausar Thompson,22,DET,SF,13,3,234,12.1,.496,.202,.225,8.6,17.6,13.1,14.6,3.3,1.6,17.7,21.7,-0.2,0.3,0.1,.022,-4.7,0.6,-4.0,-0.1,,thompau01
444,Anthony Black,21,ORL,PG,33,3,791,9.9,.510,.332,.357,2.7,10.9,6.6,22.1,1.9,2.7,21.0,19.1,-0.6,1.3,0.7,.042,-3.7,1.1,-2.6,-0.1,,blackan01
445,MarJon Beauchamp,24,MIL,SF,14,0,53,4.0,.528,.500,.273,4.2,22.0,13.4,5.5,0.9,0.0,30.9,29.5,-0.3,0.1,-0.2,-0.179,-8.2,-3.1,-11.3,-0.1,,beaucma01
446,Trendon Watford,24,BRK,PF,13,0,209,12.1,.572,.329,.443,2.2,18.6,10.2,11.5,1.2,2.0,14.5,23.4,0.0,0.1,0.2,.042,-3.7,-0.8,-4.5,-0.1,,watfotr01
447,KJ Simpson,22,CHO,PG,10,0,134,7.6,.389,.511,.277,7.0,6.7,6.8,20.6,2.6,1.5,15.9,19.8,-0.2,0.1,-0.1,-0.036,-5.7,-0.2,-6.0,-0.1,,simpskj01
448,Rayan Rupert,20,POR,SG,25,0,247,9.3,.526,.456,.235,7.3,8.3,7.8,7.4,1.6,0.8,14.8,14.8,0.0,0.0,0.1,.013,-2.4,-1.7,-4.2,-0.1,,ruperra01
449,Jordan Miller,25,LAC,SF,20,0,285,10.9,.502,.291,.233,7.4,8.6,8.0,12.0,1.4,1.1,13.0,19.8,0.0,0.3,0.3,.045,-2.6,-1.3,-3.9,-0.1,,millejo02
450,Armel Traoré,22,LAL,SF,8,0,61,2.8,.285,.389,.389,1.9,23.8,12.9,2.2,3.2,3.0,8.7,16.6,-0.2,0.1,-0.1,-0.118,-10.2,-0.7,-10.9,-0.1,,armeltr01
451,Doug McDermott,33,SAC,SF,23,3,210,8.8,.581,.859,.070,1.1,7.5,4.3,1.9,0.9,0.5,3.9,15.6,0.2,0.1,0.2,.057,-2.2,-2.4,-4.6,-0.1,,mcderdo01
452,Tristan Thompson,33,CLE,PF,13,0,95,9.6,.468,.036,.500,10.7,28.1,19.6,5.3,0.0,3.8,14.9,18.2,-0.1,0.1,0.1,.026,-6.0,-1.7,-7.7,-0.1,,thomptr01
453,Matt Ryan,27,NYK,SF,10,0,46,-1.4,.357,.667,.000,0.0,4.8,2.5,0.0,1.1,0.0,12.5,22.9,-0.2,0.0,-0.2,-0.202,-9.1,-4.9,-14.1,-0.1,,ryanma01
454,Ryan Dunn,22,PHO,SF,28,12,526,10.1,.523,.630,.086,4.7,12.3,8.6,6.8,1.6,3.6,7.7,15.3,0.1,0.4,0.5,.043,-2.8,-0.3,-3.1,-0.1,,dunnry01
455,Daniel Theis,32,NOP,C,24,7,352,11.4,.537,.311,.270,5.9,22.2,13.7,14.0,1.2,4.0,16.2,11.8,0.2,0.2,0.4,.057,-3.8,0.2,-3.6,-0.1,,theisda01
456,Ben Sheppard,23,IND,SG,20,6,398,7.7,.555,.710,.000,2.9,11.1,7.1,6.8,1.0,1.4,6.5,11.7,0.2,0.1,0.4,.043,-2.6,-0.7,-3.4,-0.1,,sheppbe01
457,Hunter Tyson,24,DEN,PF,22,0,203,8.7,.583,.568,.341,5.1,15.6,10.6,6.5,0.9,1.3,15.1,12.3,0.1,0.1,0.3,.062,-3.5,-1.4,-4.9,-0.2,,tysonhu01
458,Blake Wesley,21,SAS,SG,23,0,259,10.1,.522,.263,.276,2.5,5.3,3.9,25.5,1.7,1.0,20.5,17.8,0.0,0.2,0.1,.024,-3.3,-1.0,-4.3,-0.2,,weslebl01
459,Vit Krejci,24,ATL,PG,20,3,294,7.6,.454,.611,.194,3.6,11.9,7.7,17.4,1.7,2.6,17.0,13.0,-0.1,0.2,0.1,.023,-4.4,0.3,-4.1,-0.2,,krejcvi01
460,Zeke Nnaji,24,DEN,PF,19,0,88,4.0,.408,.346,.192,2.6,6.0,4.4,5.6,0.5,2.0,6.6,14.4,-0.1,0.0,-0.1,-0.050,-6.5,-2.5,-8.9,-0.2,,nnajize01
461,Malaki Branham,21,SAS,SG,22,0,261,10.0,.558,.448,.190,1.3,11.3,6.4,15.2,1.3,0.7,18.6,23.0,-0.2,0.2,0.0,-0.006,-2.7,-1.7,-4.3,-0.2,,branhma01
462,Simone Fontecchio,29,DET,SF,30,0,536,9.6,.564,.660,.268,3.8,13.9,8.9,6.8,0.9,0.9,12.8,15.6,0.3,0.3,0.6,.051,-2.0,-1.2,-3.2,-0.2,,fontesi01
463,Jett Howard,21,ORL,SF,32,0,333,7.8,.501,.727,.091,3.7,9.2,6.3,6.4,0.7,1.8,8.7,18.0,-0.1,0.4,0.3,.043,-2.9,-1.0,-3.9,-0.2,,howarje01
464,Enrique Freeman,24,IND,PF,17,1,119,5.4,.501,.273,.409,3.9,9.3,6.6,6.3,0.8,1.6,13.4,10.9,0.0,0.0,0.0,.004,-5.3,-1.9,-7.2,-0.2,,freemen01
465,Toumani Camara,24,POR,PF,31,31,950,10.3,.530,.531,.144,7.9,12.8,10.3,8.6,2.1,1.4,15.1,13.3,0.3,0.4,0.8,.039,-2.2,-0.5,-2.7,-0.2,,camarto01
466,Jaylen Nowell,25,NOP,SG,8,0,168,7.8,.430,.370,.151,3.7,9.6,6.5,16.0,0.3,2.2,9.3,21.5,-0.2,0.0,-0.2,-0.068,-2.9,-2.8,-5.7,-0.2,,nowelja01
467,Xavier Tillman Sr.,26,BOS,C,21,1,168,4.6,.339,.528,.056,5.1,16.7,10.9,4.4,2.0,2.1,14.0,11.0,-0.3,0.3,0.0,.001,-6.3,0.3,-6.0,-0.2,,tillmxa01
468,Terry Rozier,30,MIA,PG,27,13,775,11.2,.515,.490,.182,2.9,12.5,7.7,14.4,1.2,1.5,11.3,20.2,0.0,0.8,0.7,.045,-1.8,-1.1,-2.9,-0.2,,roziete01
469,Yves Missi,20,NOP,C,33,27,891,16.6,.585,.005,.434,14.7,19.6,17.0,7.7,1.1,4.8,12.9,14.3,1.4,0.4,1.9,.100,-1.3,-1.4,-2.7,-0.2,,missiyv01
470,Jabari Walker,22,POR,SF,24,1,248,11.2,.506,.289,.237,8.9,23.0,15.7,7.6,1.6,1.1,13.4,16.2,0.0,0.2,0.2,.034,-3.2,-1.4,-4.6,-0.2,,walkeja01
471,Dario Šarić,30,DEN,C,10,3,136,5.3,.399,.475,.150,7.6,20.2,14.2,9.6,2.1,0.0,20.5,16.6,-0.3,0.1,-0.1,-0.045,-6.3,-0.8,-7.2,-0.2,,saricda01
472,Trey Jemison,25,NOP,C,16,0,166,9.6,.461,.000,.656,13.8,15.2,14.5,8.2,2.0,3.4,19.5,13.0,-0.1,0.1,0.0,.005,-5.7,-0.6,-6.3,-0.2,,jemistr01
473,Josh Richardson,31,MIA,SG,8,0,150,4.5,.402,.579,.105,4.4,4.3,4.4,10.8,2.6,0.6,16.8,14.0,-0.2,0.2,-0.1,-0.016,-7.1,0.2,-6.9,-0.2,,richajo01
474,Andre Drummond,31,PHI,C,25,14,483,15.0,.532,.064,.414,15.8,33.6,24.2,4.5,3.1,2.1,20.2,18.9,-0.2,0.9,0.8,.075,-3.3,-0.2,-3.5,-0.2,,drumman01
475,Julian Strawther,22,DEN,SG,32,0,666,11.2,.586,.507,.227,1.7,9.5,5.8,8.1,1.6,1.6,9.8,17.3,0.6,0.4,1.0,.070,-2.2,-0.9,-3.1,-0.2,,strawju01
476,Julian Phillips,21,CHI,SF,33,3,453,9.5,.542,.598,.236,6.3,8.9,7.6,4.3,1.8,1.5,9.1,14.2,0.2,0.3,0.5,.048,-2.9,-0.8,-3.7,-0.2,,phillju01
477,Gary Trent Jr.,26,MIL,SG,29,7,726,9.9,.576,.638,.114,0.8,8.6,4.8,5.0,2.0,0.1,7.3,15.7,0.3,0.7,1.0,.065,-2.9,-0.1,-3.0,-0.2,,trentga02
478,Jusuf Nurkić,30,PHO,C,23,23,558,12.9,.550,.361,.419,8.9,34.3,21.8,11.0,1.9,2.5,22.4,18.7,-0.2,0.8,0.6,.048,-3.7,0.3,-3.5,-0.2,,nurkiju01
479,Dillon Jones,23,OKC,SF,25,0,204,6.9,.405,.590,.164,8.3,14.8,11.6,10.4,0.9,1.0,10.9,15.3,-0.1,0.3,0.2,.046,-4.8,-1.2,-6.0,-0.2,,jonesdi01
480,Herbert Jones,26,NOP,SF,16,16,527,11.1,.538,.404,.247,4.4,9.8,7.0,14.1,2.9,1.2,15.6,15.3,0.1,0.2,0.3,.031,-3.3,-0.3,-3.7,-0.2,,joneshe01
481,Dejounte Murray,28,NOP,PG,17,17,576,12.4,.452,.330,.198,1.3,20.7,10.5,34.0,3.5,1.3,18.9,26.8,-1.1,0.5,-0.6,-0.051,-3.3,-0.2,-3.5,-0.2,,murrade01
482,Ziaire Williams,23,BRK,SF,21,7,459,11.0,.507,.415,.277,5.6,18.6,11.9,8.0,2.2,1.6,9.6,19.0,0.0,0.4,0.4,.040,-3.6,-0.4,-3.9,-0.2,,willizi02
483,Dalen Terry,22,CHI,SG,31,1,428,8.7,.581,.385,.375,4.7,6.8,5.7,10.1,1.8,1.6,20.0,13.6,0.1,0.2,0.3,.034,-4.0,-0.4,-4.4,-0.3,,terryda01
484,Tim Hardaway Jr.,32,DET,SG,30,30,821,9.2,.573,.663,.221,1.0,7.2,4.1,8.0,0.6,0.0,7.1,14.8,0.8,0.2,1.0,.061,-1.7,-1.6,-3.3,-0.3,,hardati02
485,Maxi Kleber,33,DAL,PF,22,3,424,4.2,.471,.431,.235,3.4,14.1,9.0,5.3,0.7,2.3,22.1,7.3,-0.2,0.4,0.2,.024,-5.1,0.3,-4.8,-0.3,,klebima01
486,Ja'Kobe Walter,20,TOR,SG,19,7,384,9.4,.489,.473,.220,5.1,10.1,7.6,11.3,1.2,1.5,9.9,19.7,0.0,0.1,0.0,.005,-3.2,-1.8,-5.0,-0.3,,walteja01
487,Kevin Porter Jr.,24,LAC,SG,29,1,576,10.8,.466,.275,.185,3.9,16.5,10.2,24.5,2.4,1.2,17.9,27.2,-1.1,0.9,-0.3,-0.022,-4.1,-0.1,-4.2,-0.3,,porteke02
488,Ron Holland,19,DET,SF,33,1,516,10.0,.546,.349,.209,3.7,17.1,10.4,6.1,1.4,0.9,13.4,18.0,-0.1,0.4,0.4,.033,-3.9,-0.7,-4.6,-0.3,,hollaro01
489,Tidjane Salaün,19,CHO,PF,28,8,538,7.3,.438,.637,.164,5.6,19.1,12.1,8.4,1.5,1.1,12.8,14.1,-0.4,0.5,0.1,.010,-4.3,-0.3,-4.6,-0.3,,salauti01
490,Matas Buzelis,20,CHI,SF,32,0,419,9.4,.481,.500,.179,4.5,16.6,10.6,5.4,1.0,5.4,10.1,18.6,-0.4,0.4,0.0,.000,-4.4,-0.9,-5.4,-0.4,,buzelma01
491,Kyle Kuzma,29,WAS,PF,14,12,373,9.9,.487,.316,.192,2.5,18.2,10.3,13.5,0.9,0.7,12.9,26.7,-0.7,0.1,-0.6,-0.075,-3.5,-2.4,-5.9,-0.4,,kuzmaky01
492,Scoot Henderson,20,POR,PG,25,3,645,11.3,.498,.355,.291,2.6,9.4,5.9,29.5,2.2,0.9,18.9,22.5,-0.3,0.2,-0.1,-0.006,-2.7,-1.6,-4.4,-0.4,,hendesc01
493,Jordan Hawkins,22,NOP,SG,18,3,442,10.2,.499,.563,.221,1.7,12.2,6.7,6.4,0.9,2.3,7.5,21.5,-0.1,0.0,-0.1,-0.012,-2.1,-3.3,-5.4,-0.4,,hawkijo01
494,Corey Kispert,25,WAS,SF,26,0,701,10.2,.564,.610,.129,1.8,10.6,6.2,8.6,0.9,0.6,9.9,17.3,0.2,0.0,0.2,.014,-1.9,-2.2,-4.2,-0.4,,kispeco01
495,Jaden Hardy,22,DAL,SG,26,3,380,8.3,.519,.468,.201,1.2,9.1,5.3,11.4,1.9,0.7,17.7,22.9,-0.5,0.3,-0.1,-0.019,-4.7,-1.4,-6.1,-0.4,,hardyja02
496,Bennedict Mathurin,22,IND,SG,34,29,1124,13.2,.583,.318,.378,4.5,16.5,10.6,7.9,1.0,1.1,12.8,21.7,0.7,0.5,1.2,.052,-1.5,-2.0,-3.4,-0.4,,mathube01
497,Jamal Shead,22,TOR,PG,30,0,477,7.9,.485,.427,.100,1.4,6.7,4.0,28.4,1.8,0.8,21.9,17.4,-0.3,0.1,-0.2,-0.022,-4.2,-1.5,-5.7,-0.4,,sheadja01
498,Keyonte George,21,UTA,PG,27,27,855,11.6,.531,.564,.230,1.6,9.7,5.7,27.9,1.1,0.5,18.0,24.1,0.0,-0.1,-0.1,-0.007,-0.8,-3.2,-4.1,-0.4,,georgke01
499,Jalen Wilson,24,BRK,PF,32,7,847,8.8,.532,.556,.250,4.1,10.8,7.4,10.1,0.9,0.1,10.1,16.0,0.4,0.2,0.6,.033,-2.6,-1.5,-4.1,-0.5,,wilsoja03
500,Cody Williams,20,UTA,SG,19,8,364,3.6,.403,.545,.182,3.1,10.2,6.7,8.0,0.9,1.5,15.3,11.3,-0.4,0.0,-0.4,-0.055,-5.6,-1.3,-7.0,-0.5,,willico04
501,Andre Jackson Jr.,23,MIL,SG,30,22,547,5.9,.488,.481,.123,5.5,13.0,9.4,10.3,1.7,1.2,23.9,11.8,-0.4,0.6,0.2,.018,-5.6,0.2,-5.4,-0.5,,jacksan01
502,Vasilije Micić,31,CHO,PG,21,10,462,7.6,.451,.471,.116,3.4,9.2,6.2,25.8,1.4,0.0,19.6,20.6,-0.6,0.2,-0.4,-0.039,-3.9,-2.2,-6.1,-0.5,,micicva01
503,Keegan Murray,24,SAC,PF,32,32,1137,10.1,.508,.501,.112,6.8,16.5,11.7,5.3,1.0,2.2,7.8,15.0,0.4,0.9,1.4,.058,-2.3,-1.4,-3.7,-0.5,,murrake02
504,Josh Green,24,CHO,SG,30,29,862,7.4,.549,.563,.168,3.9,6.2,5.0,7.6,1.6,1.3,13.2,11.5,0.3,0.5,0.8,.042,-4.2,-0.2,-4.4,-0.5,,greenjo02
505,Kyshawn George,21,WAS,SG,26,6,667,6.9,.448,.662,.162,2.8,13.4,8.1,11.8,1.3,2.4,11.3,14.9,-0.5,0.2,-0.3,-0.022,-4.5,-0.9,-5.5,-0.6,,georgky01
506,Gabe Vincent,28,LAL,PG,31,5,586,5.2,.484,.657,.060,1.9,5.9,3.9,6.5,2.0,0.8,12.1,11.7,-0.4,0.3,-0.1,-0.007,-5.7,-0.3,-6.0,-0.6,,vincega01
507,Stephon Castle,20,SAS,PG,32,17,802,10.1,.484,.373,.320,2.7,8.0,5.4,21.2,1.6,1.2,14.2,22.7,-0.5,0.6,0.1,.005,-3.7,-1.3,-5.0,-0.6,,castlst01
508,Keon Johnson,22,BRK,SG,31,12,614,7.0,.461,.599,.099,3.6,15.1,9.2,9.0,1.8,1.7,12.2,20.7,-1.0,0.4,-0.6,-0.043,-4.9,-1.0,-5.9,-0.6,,johnske07
509,Davion Mitchell,26,TOR,PG,31,14,795,7.4,.504,.492,.178,1.9,7.0,4.4,24.1,1.4,0.8,22.8,13.5,-0.1,0.1,0.0,.000,-4.1,-0.9,-5.1,-0.6,,mitchda01
510,Zaccharie Risacher,19,ATL,SF,34,32,812,10.0,.494,.435,.224,5.7,9.5,7.6,7.2,1.5,2.4,9.9,20.7,-0.3,0.5,0.2,.010,-3.5,-1.7,-5.2,-0.6,,risacza01
511,Carlton Carrington,19,WAS,PG,31,22,923,8.2,.519,.527,.105,1.1,13.9,7.5,18.3,1.3,0.8,17.2,14.7,-0.3,0.2,-0.1,-0.003,-4.0,-0.8,-4.8,-0.7,,carrica01
512,Isaiah Collier,20,UTA,PG,24,2,415,2.5,.361,.400,.211,1.1,12.7,6.9,26.2,2.2,0.9,35.0,16.2,-1.3,0.1,-1.2,-0.139,-8.5,-1.5,-10.0,-0.8,,colliis01