player,id,VORP,best,category
Nikola Jokić,DEN,3.9,1,best
Shai Gilgeous-Alexander,OKC,3.8,1,best
Giannis Antetokounmpo,MIL,2.5,1,best
Jayson Tatum,BOS,2.5,1,best
Victor Wembanyama,SAS,2.4,1,best
Alperen Sengun,HOU,2.2,1,best
Domantas Sabonis,SAC,2.1,1,best
Anthony Davis,LAL,2.1,1,best
Karl-Anthony Towns,NYK,2.1,1,best
Josh Hart,NYK,1.8,0,other
Luka Dončić,DAL,1.8,1,best
Franz Wagner,ORL,1.7,1,best
LeBron James,LAL,1.7,0,other
Jalen Williams,OKC,1.7,0,other
Kyrie Irving,DAL,1.6,0,other
Tyler Herro,MIA,1.6,1,best
Stephen Curry,GSW,1.6,1,best
Cameron Johnson,BRK,1.6,1,best
Derrick White,BOS,1.6,0,other
Payton Pritchard,BOS,1.5,0,other
Jalen Brunson,NYK,1.5,0,other
Donovan Mitchell,CLE,1.4,1,best
Darius Garland,CLE,1.4,0,other
LaMelo Ball,CHO,1.4,1,best
Nikola Vučević,CHI,1.4,1,best
Tyrese Haliburton,IND,1.4,1,best
James Harden,LAC,1.4,1,best
Evan Mobley,CLE,1.4,0,other
Jarrett Allen,CLE,1.4,0,other
Damian Lillard,MIL,1.3,0,other
Anthony Edwards,MIN,1.3,1,best
De'Aaron Fox,SAC,1.3,0,other
Jimmy Butler,MIA,1.2,0,other
Jaren Jackson Jr.,MEM,1.2,1,best
Cade Cunningham,DET,1.2,1,best
Santi Aldama,MEM,1.2,0,other
Norman Powell,LAC,1.2,0,other
Jalen Johnson,ATL,1.2,1,best
Tyrese Maxey,PHI,1.1,1,best
Amen Thompson,HOU,1.0,0,other
Goga Bitadze,ORL,1.0,0,other
Pascal Siakam,IND,1.0,0,other
Fred VanVleet,HOU,1.0,0,other
Tari Eason,HOU,1.0,0,other
Kevin Durant,PHO,1.0,1,best
Ivica Zubac,LAC,1.0,0,other
Dereck Lively II,DAL,0.9,0,other
Chris Paul,SAS,0.9,0,other
Daniel Gafford,DAL,0.9,0,other
Moritz Wagner,ORL,0.9,0,other
Bam Adebayo,MIA,0.9,0,other
Julius Randle,MIN,0.9,0,other
Ja Morant,MEM,0.9,0,other
Caris LeVert,CLE,0.9,0,other
Devin Booker,PHO,0.8,0,other
Desmond Bane,MEM,0.8,0,other
Ty Jerome,CLE,0.8,0,other
Scottie Barnes,TOR,0.8,1,best
Trayce Jackson-Davis,GSW,0.8,0,other
Andrew Wiggins,GSW,0.8,0,other
Tyus Jones,PHO,0.7,0,other
Jalen Suggs,ORL,0.7,0,other
Trae Young,ATL,0.7,0,other
Obi Toppin,IND,0.7,0,other
Walker Kessler,UTA,0.7,1,best
Isaiah Hartenstein,OKC,0.7,0,other
Jonas Valančiūnas,WAS,0.7,1,best
Royce O'Neale,PHO,0.7,0,other
Jay Huff,MEM,0.7,0,other
Brook Lopez,MIL,0.6,0,other
Michael Porter Jr.,DEN,0.6,0,other
Jake LaRavia,MEM,0.6,0,other
De'Andre Hunter,ATL,0.6,0,other
Josh Giddey,CHI,0.6,0,other
Jaylen Brown,BOS,0.6,0,other
John Collins,UTA,0.6,0,other
Luke Kornet,BOS,0.6,0,other
Zach LaVine,CHI,0.6,0,other
Rudy Gobert,MIN,0.6,0,other
Jordan Poole,WAS,0.6,0,other
RJ Barrett,TOR,0.6,0,other
Jrue Holiday,BOS,0.6,0,other
Keon Ellis,SAC,0.6,0,other
Dyson Daniels,ATL,0.6,0,other
Jakob Poeltl,TOR,0.6,0,other
Lauri Markkanen,UTA,0.6,0,other
Dean Wade,CLE,0.5,0,other
Mikal Bridges,NYK,0.5,0,other
Russell Westbrook,DEN,0.5,0,other
T.J. McConnell,IND,0.5,0,other
Malik Beasley,DET,0.5,0,other
Cason Wallace,OKC,0.5,0,other
Trey Murphy III,NOP,0.5,1,best
OG Anunoby,NYK,0.5,0,other
Draymond Green,GSW,0.5,0,other
Chet Holmgren,OKC,0.5,0,other
Al Horford,BOS,0.5,0,other
Bobby Portis,MIL,0.5,0,other
Nickeil Alexander-Walker,MIN,0.5,0,other
Mark Williams,CHO,0.5,0,other
Larry Nance Jr.,ATL,0.5,0,other
Kenrich Williams,OKC,0.5,0,other
Joel Embiid,PHI,0.5,0,other
Brandon Miller,CHO,0.5,0,other
DeMar DeRozan,SAC,0.5,0,other
Jalen Duren,DET,0.5,0,other
Kris Dunn,LAC,0.5,0,other
Miles Bridges,CHO,0.5,0,other
Deni Avdija,POR,0.5,1,best
Jabari Smith Jr.,HOU,0.4,0,other
Donte DiVincenzo,MIN,0.4,0,other
Scotty Pippen Jr.,MEM,0.4,0,other
Kristaps Porziņģis,BOS,0.4,0,other
Luke Kennard,MEM,0.4,0,other
Klay Thompson,DAL,0.4,0,other
P.J. Washington,DAL,0.4,0,other
Mike Conley,MIN,0.4,0,other
Paul Reed,DET,0.4,0,other
Paul George,PHI,0.4,0,other
Luguentz Dort,OKC,0.4,0,other
Miles McBride,NYK,0.4,0,other
Austin Reaves,LAL,0.4,0,other
Naz Reid,MIN,0.4,0,other
Paolo Banchero,ORL,0.4,0,other
Isaac Okoro,CLE,0.4,0,other
Chris Boucher,TOR,0.4,0,other
Jared McCain,PHI,0.4,0,other
Sam Hauser,BOS,0.4,0,other
Nic Claxton,BRK,0.4,0,other
Jonathan Kuminga,GSW,0.4,0,other
Kyle Anderson,GSW,0.4,0,other
Alex Caruso,OKC,0.4,0,other
Cam Thomas,BRK,0.4,0,other
Jamal Murray,DEN,0.4,0,other
Jeremy Sochan,SAS,0.4,0,other
Guerschon Yabusele,PHI,0.4,0,other
Kentavious Caldwell-Pope,ORL,0.3,0,other
Quentin Grimes,DAL,0.3,0,other
Malik Monk,SAC,0.3,0,other
Onyeka Okongwu,ATL,0.3,0,other
Zach Edey,MEM,0.3,0,other
Jaden Ivey,DET,0.3,0,other
Derrick Jones Jr.,LAC,0.3,0,other
Aaron Wiggins,OKC,0.3,0,other
Aaron Gordon,DEN,0.3,0,other
Cameron Payne,NYK,0.3,0,other
Brandon Clarke,MEM,0.3,0,other
Nikola Jović,MIA,0.3,0,other
Christian Braun,DEN,0.3,0,other
Isaiah Stewart,DET,0.3,0,other
Robert Williams,POR,0.3,0,other
Jalen Green,HOU,0.3,0,other
Spencer Dinwiddie,DAL,0.3,0,other
Dalano Banton,POR,0.3,0,other
Naji Marshall,DAL,0.3,0,other
John Konchar,MEM,0.3,0,other
Dwight Powell,DAL,0.3,0,other
Buddy Hield,GSW,0.3,0,other
Alec Burks,MIA,0.3,0,other
Dru Smith,MIA,0.3,0,other
Julian Champagnie,SAS,0.3,0,other
Dorian Finney-Smith,2TM,0.3,0,other
Gary Payton II,GSW,0.3,0,other
Wendell Carter Jr.,ORL,0.3,0,other
Brandon Ingram,NOP,0.2,0,other
Garrison Mathews,ATL,0.2,0,other
Clint Capela,ATL,0.2,0,other
Dillon Brooks,HOU,0.2,0,other
Nicolas Batum,LAC,0.2,0,other
Justin Champagnie,WAS,0.2,0,other
Khris Middleton,MIL,0.2,0,other
Marcus Sasser,DET,0.2,0,other
Jamison Battle,TOR,0.2,0,other
Lonzo Ball,CHI,0.2,0,other
Jonathan Isaac,ORL,0.2,0,other
Tobias Harris,DET,0.2,0,other
Ben Simmons,BRK,0.2,0,other
Amir Coffey,LAC,0.2,0,other
Kevon Looney,GSW,0.2,0,other
Sandro Mamukelashvili,SAS,0.2,0,other
Bones Hyland,LAC,0.2,0,other
Josh Minott,MIN,0.2,0,other
Cody Martin,CHO,0.2,0,other
Zach Collins,SAS,0.2,0,other
Ochai Agbaji,TOR,0.2,0,other
Isaiah Joe,OKC,0.2,0,other
Ryan Rollins,MIL,0.2,0,other
Marcus Smart,MEM,0.2,0,other
Thomas Bryant,2TM,0.2,0,other
Tyrese Martin,BRK,0.2,0,other
CJ McCollum,NOP,0.2,0,other
Aaron Holiday,HOU,0.2,0,other
Jalen Smith,CHI,0.2,0,other
Sam Merrill,CLE,0.2,0,other
Neemias Queta,BOS,0.2,0,other
Josh Okogie,PHO,0.2,0,other
Shake Milton,2TM,0.2,0,other
Ayo Dosunmu,CHI,0.1,0,other
Myles Turner,IND,0.1,0,other
Mason Plumlee,PHO,0.1,0,other
Cam Whitmore,HOU,0.1,0,other
Malcolm Brogdon,WAS,0.1,0,other
Harrison Barnes,SAS,0.1,0,other
Brandon Boston Jr.,NOP,0.1,0,other
Duncan Robinson,MIA,0.1,0,other
JT Thor,CLE,0.1,0,other
Devin Vassell,SAS,0.1,0,other
Collin Sexton,UTA,0.1,0,other
Jaylin Williams,OKC,0.1,0,other
Kevin Love,MIA,0.1,0,other
Brandin Podziemski,GSW,0.1,0,other
Grayson Allen,PHO,0.1,0,other
Wendell Moore Jr.,DET,0.1,0,other
Alex Len,SAC,0.1,0,other
Talen Horton-Tucker,CHI,0.1,0,other
Torrey Craig,CHI,0.1,0,other
Craig Porter Jr.,CLE,0.1,0,other
Landry Shamet,NYK,0.1,0,other
Jose Alvarado,NOP,0.1,0,other
Jonathan Mogbo,TOR,0.1,0,other
Drew Eubanks,UTA,0.1,0,other
Tre Jones,SAS,0.1,0,other
Kel'el Ware,MIA,0.1,0,other
A.J. Green,MIL,0.1,0,other
Trevelin Queen,ORL,0.1,0,other
Ajay Mitchell,OKC,0.1,0,other
Terance Mann,LAC,0.1,0,other
Rui Hachimura,LAL,0.1,0,other
Steven Adams,HOU,0.1,0,other
Dariq Whitehead,BRK,0.1,0,other
Kelly Oubre Jr.,PHI,0.1,0,other
Kai Jones,LAC,0.1,0,other
Pat Spencer,GSW,0.1,0,other
Bradley Beal,PHO,0.1,0,other
Kelly Olynyk,TOR,0.1,0,other
Jarace Walker,IND,0.1,0,other
Grant Williams,CHO,0.1,0,other
Precious Achiuwa,NYK,0.1,0,other
Chris Duarte,CHI,0.1,0,other
DaQuan Jeffries,CHO,0.1,0,other
Jordan Clarkson,UTA,0.1,0,other
KJ Martin,PHI,0.1,0,other
Georges Niang,CLE,0.1,0,other
Jae'Sean Tate,HOU,0.1,0,other
Micah Potter,UTA,0.1,0,other
Marvin Bagley III,WAS,0.1,0,other
Immanuel Quickley,TOR,0.1,0,other
Haywood Highsmith,MIA,0.1,0,other
Tyler Smith,MIL,0.1,0,other
Isaiah Jackson,IND,0.0,0,other
Johnny Davis,WAS,0.0,0,other
Jevon Carter,CHI,0.0,0,other
D'Angelo Russell,2TM,0.0,0,other
Peyton Watson,DEN,0.0,0,other
Trey Lyles,SAC,0.0,0,other
Deandre Ayton,POR,0.0,0,other
Jaden McDaniels,MIN,0.0,0,other
DeAndre Jordan,DEN,0.0,0,other
Monte Morris,PHO,0.0,0,other
Kyle Lowry,PHI,0.0,0,other
Reggie Jackson,PHI,0.0,0,other
Alondes Williams,DET,0.0,0,other
Jalen Pickett,DEN,0.0,0,other
Cory Joseph,ORL,0.0,0,other
Drew Peterson,BOS,0.0,0,other
Bruno Fernando,TOR,0.0,0,other
Zion Williamson,NOP,0.0,0,other
Jeenathan Williams,HOU,0.0,0,other
Charles Bassey,SAS,0.0,0,other
David Roddy,ATL,0.0,0,other
De'Anthony Melton,GSW,0.0,0,other
Jaxson Hayes,LAL,0.0,0,other
TyTy Washington Jr.,PHO,0.0,0,other
Leonard Miller,MIN,0.0,0,other
E.J. Liddell,CHI,0.0,0,other
Mason Jones,SAC,0.0,0,other
PJ Dozier,MIN,0.0,0,other
Patrick Baldwin Jr.,WAS,0.0,0,other
Cam Spencer,MEM,0.0,0,other
Olivier-Maxence Prosper,DAL,0.0,0,other
Seth Curry,CHO,0.0,0,other
Jared Butler,WAS,0.0,0,other
Collin Gillespie,PHO,0.0,0,other
Kobe Brown,LAC,0.0,0,other
Mac McClung,ORL,0.0,0,other
Pete Nance,PHI,0.0,0,other
Alex Reese,OKC,0.0,0,other
Chris Livingston,MIL,0.0,0,other
A.J. Lawson,TOR,0.0,0,other
Moses Moody,GSW,0.0,0,other
Bryce McGowens,POR,0.0,0,other
Cam Christie,LAC,0.0,0,other
Jeff Dowtin,PHI,0.0,0,other
Jaylen Martin,BRK,0.0,0,other
Oscar Tshiebwe,UTA,0.0,0,other
Bol Bol,PHO,0.0,0,other
Quinten Post,GSW,0.0,0,other
James Wiseman,IND,0.0,0,other
Jeff Green,HOU,0.0,0,other
Joe Ingles,MIN,0.0,0,other
Sidy Cissoko,SAS,0.0,0,other
Duop Reath,POR,0.0,0,other
Day'Ron Sharpe,BRK,0.0,0,other
Dennis Schröder,2TM,0.0,0,other
Gary Harris,ORL,0.0,0,other
Luka Garza,MIN,0.0,0,other
Jalen Hood-Schifino,LAL,0.0,0,other
Adama Sanogo,CHI,0.0,0,other
Justin Edwards,PHI,0.0,0,other
Elfrid Payton,NOP,0.0,0,other
Aaron Nesmith,IND,0.0,0,other
Terrence Shannon Jr.,MIN,0.0,0,other
Brice Sensabaugh,UTA,0.0,0,other
Stanley Umude,MIL,0.0,0,other
Kyle Filipowski,UTA,0.0,0,other
Richaun Holmes,WAS,0.0,0,other
Tre Mann,CHO,0.0,0,other
Keldon Johnson,SAS,0.0,0,other
Isaiah Crawford,SAC,0.0,0,other
Trentyn Flowers,LAC,0.0,0,other
Taze Moore,POR,0.0,0,other
Mo Bamba,LAC,0.0,0,other
Orlando Robinson,SAC,0.0,0,other
Jacob Toppin,NYK,0.0,0,other
Donovan Clingan,POR,0.0,0,other
Riley Minix,SAS,0.0,0,other
Justin Minaya,POR,0.0,0,other
Keshad Johnson,MIA,0.0,0,other
Jared Rhoden,CHO,0.0,0,other
David Duke Jr.,SAS,0.0,0,other
James Johnson,IND,0.0,0,other
Jaime Jaquez Jr.,MIA,0.0,0,other
AJ Johnson,MIL,0.0,0,other
Harrison Ingram,SAS,0.0,0,other
Anfernee Simons,POR,0.0,0,other
Dominick Barlow,ATL,0.0,0,other
Bruce Brown,TOR,0.0,0,other
Quenton Jackson,IND,0.0,0,other
Tristan Vukcevic,WAS,0.0,0,other
Tyler Kolek,NYK,0.0,0,other
Yuki Kawamura,MEM,0.0,0,other
Jamal Cain,NOP,0.0,0,other
Taylor Hendricks,UTA,0.0,0,other
Josh Christopher,MIA,0.0,0,other
Jock Landale,HOU,0.0,0,other
Quincy Olivari,LAL,0.0,0,other
Max Strus,CLE,0.0,0,other
Jerami Grant,POR,0.0,0,other
Liam Robbins,MIL,0.0,0,other
Spencer Jones,DEN,0.0,0,other
PJ Hall,DEN,0.0,0,other
Jack McVeigh,HOU,0.0,0,other
Daniss Jenkins,DET,0.0,0,other
Ricky Council IV,PHI,0.0,0,other
Garrett Temple,TOR,0.0,0,other
Anthony Gill,WAS,0.0,0,other
Maxwell Lewis,2TM,0.0,0,other
Lester Quiñones,PHI,0.0,0,other
Ousmane Dieng,OKC,0.0,0,other
Jaden Springer,BOS,0.0,0,other
Luke Travers,CLE,0.0,0,other
Bronny James,LAL,0.0,0,other
Mouhamed Gueye,ATL,0.0,0,other
Ulrich Chomche,TOR,0.0,0,other
Alex Ducas,OKC,0.0,0,other
Andrew Nembhard,IND,0.0,0,other
Moses Brown,IND,0.0,0,other
Branden Carlson,OKC,0.0,0,other
Vlatko Čančar,DEN,0.0,0,other
Markieff Morris,DAL,0.0,0,other
Max Christie,LAL,0.0,0,other
Daishen Nix,MIN,-0.1,0,other
Jordan Walsh,BOS,-0.1,0,other
Reece Beekman,2TM,-0.1,0,other
Malevy Leons,OKC,-0.1,0,other
Jericho Sims,NYK,-0.1,0,other
Jae Crowder,SAC,-0.1,0,other
Vince Williams Jr.,MEM,-0.1,0,other
Pacome Dadiet,NYK,-0.1,0,other
Shaedon Sharpe,POR,-0.1,0,other
Cui Yongxi,BRK,-0.1,0,other
Colin Castleton,MEM,-0.1,0,other
Kobe Bufkin,ATL,-0.1,0,other
Cole Swider,DET,-0.1,0,other
Patrick Williams,CHI,-0.1,0,other
Jazian Gortman,DAL,-0.1,0,other
Rob Dillingham,MIN,-0.1,0,other
Tristen Newton,IND,-0.1,0,other
Brandon Williams,DAL,-0.1,0,other
Adam Flagler,OKC,-0.1,0,other
Jaylen Wells,MEM,-0.1,0,other
Karlo Matković,NOP,-0.1,0,other
Nick Richards,CHO,-0.1,0,other
Isaiah Wong,CHO,-0.1,0,other
Patty Mills,UTA,-0.1,0,other
Jordan McLaughlin,SAC,-0.1,0,other
Svi Mykhailiuk,UTA,-0.1,0,other
Johnny Furphy,IND,-0.1,0,other
Eric Gordon,PHI,-0.1,0,other
Bilal Coulibaly,WAS,-0.1,0,other
Baylor Scheierman,BOS,-0.1,0,other
Isaac Jones,SAC,-0.1,0,other
JD Davison,BOS,-0.1,0,other
Caleb Martin,PHI,-0.1,0,other
D.J. Carton,TOR,-0.1,0,other
Jalen Bridges,PHO,-0.1,0,other
Moussa Diabaté,CHO,-0.1,0,other
Taj Gibson,CHO,-0.1,0,other
Colby Jones,SAC,-0.1,0,other
Bogdan Bogdanović,ATL,-0.1,0,other
Gui Santos,GSW,-0.1,0,other
Delon Wright,MIL,-0.1,0,other
Ariel Hukporti,NYK,-0.1,0,other
Reed Sheppard,HOU,-0.1,0,other
Adem Bona,PHI,-0.1,0,other
Oso Ighodaro,PHO,-0.1,0,other
Trey Alexander,DEN,-0.1,0,other
Damion Lee,PHO,-0.1,0,other
Dalton Knecht,LAL,-0.1,0,other
Cam Reddish,LAL,-0.1,0,other
Keaton Wallace,ATL,-0.1,0,other
Noah Clowney,BRK,-0.1,0,other
Antonio Reeves,NOP,-0.1,0,other
Kris Murray,POR,-0.1,0,other
Gradey Dick,TOR,-0.1,0,other
Coby White,CHI,-0.1,0,other
Caleb Houstan,ORL,-0.1,0,other
Nick Smith Jr.,CHO,-0.1,0,other
Pat Connaughton,MIL,-0.1,0,other
Tristan Da Silva,ORL,-0.1,0,other
Jeremiah Robinson-Earl,NOP,-0.1,0,other
Kessler Edwards,DAL,-0.1,0,other
Cole Anthony,ORL,-0.1,0,other
Kevin Huerter,SAC,-0.1,0,other
Alex Sarr,WAS,-0.1,0,other
Javonte Green,NOP,-0.1,0,other
Johnny Juzang,UTA,-0.1,0,other
Jaylon Tyson,CLE,-0.1,0,other
Taurean Prince,MIL,-0.1,0,other
Christian Koloko,LAL,-0.1,0,other
Pelle Larsson,MIA,-0.1,0,other
Lindy Waters III,GSW,-0.1,0,other
Ausar Thompson,DET,-0.1,0,other
Anthony Black,ORL,-0.1,0,other
MarJon Beauchamp,MIL,-0.1,0,other
Trendon Watford,BRK,-0.1,0,other
KJ Simpson,CHO,-0.1,0,other
Rayan Rupert,POR,-0.1,0,other
Jordan Miller,LAC,-0.1,0,other
Armel Traoré,LAL,-0.1,0,other
Doug McDermott,SAC,-0.1,0,other
Tristan Thompson,CLE,-0.1,0,other
Matt Ryan,NYK,-0.1,0,other
Ryan Dunn,PHO,-0.1,0,other
Daniel Theis,NOP,-0.1,0,other
Ben Sheppard,IND,-0.1,0,other
Hunter Tyson,DEN,-0.2,0,other
Blake Wesley,SAS,-0.2,0,other
Vit Krejci,ATL,-0.2,0,other
Zeke Nnaji,DEN,-0.2,0,other
Malaki Branham,SAS,-0.2,0,other
Simone Fontecchio,DET,-0.2,0,other
Jett Howard,ORL,-0.2,0,other
Enrique Freeman,IND,-0.2,0,other
Toumani Camara,POR,-0.2,0,other
Jaylen Nowell,NOP,-0.2,0,other
Xavier Tillman Sr.,BOS,-0.2,0,other
Terry Rozier,MIA,-0.2,0,other
Yves Missi,NOP,-0.2,0,other
Jabari Walker,POR,-0.2,0,other
Dario Šarić,DEN,-0.2,0,other
Trey Jemison,NOP,-0.2,0,other
Josh Richardson,MIA,-0.2,0,other
Andre Drummond,PHI,-0.2,0,other
Julian Strawther,DEN,-0.2,0,other
Julian Phillips,CHI,-0.2,0,other
Gary Trent Jr.,MIL,-0.2,0,other
Jusuf Nurkić,PHO,-0.2,0,other
Dillon Jones,OKC,-0.2,0,other
Herbert Jones,NOP,-0.2,0,other
Dejounte Murray,NOP,-0.2,0,other
Ziaire Williams,BRK,-0.2,0,other
Dalen Terry,CHI,-0.3,0,other
Tim Hardaway Jr.,DET,-0.3,0,other
Maxi Kleber,DAL,-0.3,0,other
Ja'Kobe Walter,TOR,-0.3,0,other
Kevin Porter Jr.,LAC,-0.3,0,other
Ron Holland,DET,-0.3,0,other
Tidjane Salaün,CHO,-0.3,0,other
Matas Buzelis,CHI,-0.4,0,other
Kyle Kuzma,WAS,-0.4,0,other
Scoot Henderson,POR,-0.4,0,other
Jordan Hawkins,NOP,-0.4,0,other
Corey Kispert,WAS,-0.4,0,other
Jaden Hardy,DAL,-0.4,0,other
Bennedict Mathurin,IND,-0.4,0,other
Jamal Shead,TOR,-0.4,0,other
Keyonte George,UTA,-0.4,0,other
Jalen Wilson,BRK,-0.5,0,other
Cody Williams,UTA,-0.5,0,other
Andre Jackson Jr.,MIL,-0.5,0,other
Vasilije Micić,CHO,-0.5,0,other
Keegan Murray,SAC,-0.5,0,other
Josh Green,CHO,-0.5,0,other
Kyshawn George,WAS,-0.6,0,other
Gabe Vincent,LAL,-0.6,0,other
Stephon Castle,SAS,-0.6,0,other
Keon Johnson,BRK,-0.6,0,other
Davion Mitchell,TOR,-0.6,0,other
Zaccharie Risacher,ATL,-0.6,0,other
Carlton Carrington,WAS,-0.7,0,other
Isaiah Collier,UTA,-0.8,0,other
2TM average,2TM,0.08571428571428572,0,avg
ATL average,ATL,0.19999999999999998,0,avg
BOS average,BOS,0.525,0,avg
BRK average,BRK,0.09285714285714287,0,avg
CHI average,CHI,0.13529411764705881,0,avg
CHO average,CHO,0.07368421052631578,0,avg
CLE average,CLE,0.53125,0,avg
DAL average,DAL,0.3647058823529412,0,avg
DEN average,DEN,0.3,0,avg
DET average,DET,0.16875,0,avg
GSW average,GSW,0.33125,0,avg
HOU average,HOU,0.40625,0,avg
IND average,IND,0.1611111111111111,0,avg
LAC average,LAC,0.3,0,avg
LAL average,LAL,0.2357142857142857,0,avg
MEM average,MEM,0.4117647058823529,0,avg
MIA average,MIA,0.28125,0,avg
MIL average,MIL,0.24444444444444446,0,avg
MIN average,MIN,0.28125,0,avg
NOP average,NOP,-0.042105263157894736,0,avg
NYK average,NYK,0.46,0,avg
OKC average,OKC,0.46315789473684205,0,avg
ORL average,ORL,0.29411764705882354,0,avg
PHI average,PHI,0.1388888888888889,0,avg
PHO average,PHO,0.1823529411764706,0,avg
POR average,POR,-6.530723674265627e-18,0,avg
SAC average,SAC,0.22352941176470587,0,avg
SAS average,SAS,0.20555555555555557,0,avg
TOR average,TOR,0.08421052631578947,0,avg
UTA average,UTA,0.0176470588235294,0,avg
WAS average,WAS,-0.03529411764705883,0,avg
2TM average without best player,2TM,0.08571428571428572,0,avg_wo
ATL average without best player,ATL,0.13333333333333333,0,avg_wo
BOS average without best player,BOS,0.39333333333333337,0,avg_wo
BRK average without best player,BRK,-0.02307692307692307,0,avg_wo
CHI average without best player,CHI,0.056249999999999994,0,avg_wo
CHO average without best player,CHO,0.0,0,avg_wo
CLE average without best player,CLE,0.47333333333333333,0,avg_wo
DAL average without best player,DAL,0.275,0,avg_wo
DEN average without best player,DEN,0.075,0,avg_wo
DET average without best player,DET,0.1,0,avg_wo
GSW average without best player,GSW,0.24666666666666667,0,avg_wo
HOU average without best player,HOU,0.2866666666666667,0,avg_wo
IND average without best player,IND,0.08823529411764706,0,avg_wo
LAC average without best player,LAC,0.22666666666666666,0,avg_wo
LAL average without best player,LAL,0.0923076923076923,0,avg_wo
MEM average without best player,MEM,0.3625,0,avg_wo
MIA average without best player,MIA,0.19333333333333333,0,avg_wo
MIL average without best player,MIL,0.11176470588235293,0,avg_wo
MIN average without best player,MIN,0.21333333333333335,0,avg_wo
NOP average without best player,NOP,-0.07222222222222223,0,avg_wo
NYK average without best player,NYK,0.34285714285714286,0,avg_wo
OKC average without best player,OKC,0.2777777777777778,0,avg_wo
ORL average without best player,ORL,0.20625,0,avg_wo
PHI average without best player,PHI,0.0823529411764706,0,avg_wo
PHO average without best player,PHO,0.13125,0,avg_wo
POR average without best player,POR,-0.03125000000000001,0,avg_wo
SAC average without best player,SAC,0.10625,0,avg_wo
SAS average without best player,SAS,0.07647058823529412,0,avg_wo
TOR average without best player,TOR,0.044444444444444446,0,avg_wo
UTA average without best player,UTA,-0.02500000000000001,0,avg_wo
WAS average without best player,WAS,-0.08124999999999999,0,avg_wo
